ts,main_cycle,main_value,main_cash,main_npos,shadow_cycle,shadow_value,shadow_cash,shadow_npos
2026-08-25T04:05:24.284198+00:00,14017,505.5,373.94,3,99,498.78,370.86,3
2026-08-25T04:09:38.216227+00:00,14022,505.44,373.94,3,103,498.63,370.86,3
2026-08-25T04:14:55.415977+00:00,14027,505.63,373.94,3,108,498.91,370.86,3
2026-08-25T04:20:12.554797+00:00,14032,505.39,373.94,3,113,498.62,370.86,3
2026-08-25T04:25:44.455785+00:00,14037,505.55,373.94,3,118,498.86,370.86,3
2026-08-25T04:31:01.723435+00:00,14042,505.22,373.94,3,123,498.59,370.86,3
2026-08-25T04:36:18.683287+00:00,14046,505.31,373.94,3,128,498.67,370.86,3
2026-08-25T04:41:35.810980+00:00,14051,505.25,373.94,3,133,498.61,370.86,3
2026-08-25T04:46:03.886324+00:00,14056,505.02,373.94,3,137,498.37,370.86,3
2026-08-25T04:51:20.778852+00:00,14061,505.22,373.94,3,142,498.51,370.86,3
2026-08-25T04:56:37.387547+00:00,14066,505.19,373.94,3,147,498.48,370.86,3
2026-08-25T05:01:53.782491+00:00,14071,505.47,373.94,3,152,498.76,370.86,3
2026-08-25T05:07:24.700652+00:00,14076,505.81,373.94,3,157,499.08,370.86,3
2026-08-25T05:11:38.020011+00:00,14081,505.9,373.94,3,161,499.18,370.86,3
2026-08-25T05:16:54.583300+00:00,14086,505.85,373.94,3,166,499.12,370.86,3
2026-08-25T05:22:11.421470+00:00,14091,505.84,373.94,3,171,499.11,370.86,3
2026-08-25T05:27:43.036451+00:00,14096,506.08,373.94,3,176,499.34,370.86,3
2026-08-25T05:32:59.490580+00:00,14101,506.33,373.94,3,181,499.61,370.86,3
2026-08-25T05:38:16.047255+00:00,14106,506.3,373.94,3,186,499.57,370.86,3
2026-08-25T05:42:29.359300+00:00,14111,506.24,373.94,3,190,499.49,370.86,3
2026-08-25T05:48:00.877884+00:00,14116,506.02,373.94,3,195,499.22,370.86,3
2026-08-25T05:53:17.821686+00:00,14121,506.32,373.94,3,200,499.54,370.86,3
2026-08-25T05:58:34.522100+00:00,14126,506.17,373.94,3,205,499.44,370.86,3
2026-08-25T06:03:50.745926+00:00,14130,506.03,373.94,3,210,499.3,370.86,3
2026-08-25T06:08:18.332323+00:00,14135,505.96,373.94,3,214,499.23,370.86,3
2026-08-25T06:13:35.235297+00:00,14140,505.85,373.94,3,219,499.12,370.86,3
2026-08-25T06:18:52.749652+00:00,14145,506.22,373.94,3,224,499.48,370.86,3
2026-08-25T06:24:09.319006+00:00,14150,506.21,373.94,3,229,499.48,370.86,3
2026-08-25T06:29:40.834811+00:00,14155,506.03,373.94,3,234,499.31,370.86,3
2026-08-25T06:34:58.224165+00:00,14160,505.65,373.94,3,239,499.0,370.86,3
2026-08-25T06:40:14.689215+00:00,14165,505.52,373.94,3,244,498.84,370.86,3
2026-08-25T06:44:26.442921+00:00,14170,505.51,373.94,3,248,498.8,370.86,3
2026-08-25T06:49:55.685439+00:00,14175,505.47,373.94,3,253,498.76,370.86,3
2026-08-25T06:55:10.420082+00:00,14180,505.27,373.94,3,258,498.56,370.86,3
2026-08-25T07:00:25.393472+00:00,14185,505.22,373.94,3,263,498.52,370.86,3
2026-08-25T07:05:55.382374+00:00,14190,505.97,373.94,3,268,499.24,370.86,3
2026-08-25T07:11:10.387804+00:00,14195,505.89,373.94,3,273,499.16,370.86,3
2026-08-25T07:16:25.326516+00:00,14200,505.86,373.94,3,278,499.08,370.86,3
2026-08-25T07:20:37.304030+00:00,14205,505.65,373.94,3,282,498.93,370.86,3
2026-08-25T07:26:06.954837+00:00,14210,505.89,373.94,3,287,499.03,370.86,3
2026-08-25T07:31:21.913463+00:00,14215,505.81,373.94,3,292,499.05,370.86,3
2026-08-25T07:36:36.487777+00:00,14220,505.74,373.94,3,297,499.01,370.86,3
2026-08-25T07:41:51.085906+00:00,14225,505.59,373.94,3,302,498.87,370.86,3
2026-08-25T07:47:20.228378+00:00,14230,505.69,373.94,3,307,498.96,370.86,3
2026-08-25T07:52:35.120888+00:00,14235,504.06,373.94,3,312,497.4,370.86,3
2026-08-25T07:57:49.509463+00:00,14240,504.44,373.94,3,317,497.74,370.86,3
2026-08-25T08:02:00.930521+00:00,14245,504.06,373.94,3,321,497.45,370.86,3
2026-08-25T08:07:29.778379+00:00,14250,504.28,373.94,3,326,497.57,370.86,3
2026-08-25T08:12:44.203703+00:00,14255,504.42,373.94,3,331,497.74,370.86,3
2026-08-25T08:17:58.531900+00:00,14260,504.72,373.94,3,336,498.03,370.86,3
2026-08-25T08:23:12.844314+00:00,14265,504.87,373.94,3,341,498.14,370.86,3
2026-08-25T08:28:41.458010+00:00,14270,505.14,373.94,3,346,498.43,370.86,3
2026-08-25T08:33:55.696614+00:00,14275,505.03,373.94,3,351,498.32,370.86,3
2026-08-25T08:39:09.622176+00:00,14280,504.75,373.94,3,356,498.06,370.86,3
2026-08-25T08:43:20.902489+00:00,14285,504.77,373.94,3,360,497.98,370.86,3
2026-08-25T08:48:49.799831+00:00,14289,504.73,373.94,3,365,498.02,370.86,3
2026-08-25T08:54:04.477039+00:00,14294,504.5,373.94,3,370,497.79,370.86,3
2026-08-25T08:59:19.142726+00:00,14299,504.51,373.94,3,375,497.82,370.86,3
2026-08-25T09:04:33.853530+00:00,14304,504.25,373.94,3,380,497.57,370.86,3
2026-08-25T09:10:03.014765+00:00,14309,504.37,373.94,3,385,497.69,370.86,3
2026-08-25T09:15:17.451828+00:00,14314,504.63,373.94,3,390,497.86,370.86,3
2026-08-25T09:19:28.870608+00:00,14319,504.53,373.94,3,394,497.84,370.86,3
2026-08-25T09:24:43.520938+00:00,14324,504.68,373.94,3,399,497.99,370.86,3
2026-08-25T09:30:12.705930+00:00,14329,504.34,373.94,3,404,497.72,370.86,3
2026-08-25T09:35:27.214805+00:00,14334,504.58,373.94,3,409,497.89,370.86,3
2026-08-25T09:40:42.535295+00:00,14339,504.56,373.94,3,414,497.88,370.86,3
2026-08-25T09:45:56.744708+00:00,14344,504.57,373.94,3,419,497.85,370.86,3
2026-08-25T09:51:26.009422+00:00,14349,504.09,373.94,3,424,497.41,370.86,3
2026-08-25T09:55:37.601571+00:00,14354,503.53,373.94,3,428,496.88,370.86,3
2026-08-25T10:00:52.504241+00:00,14359,503.69,373.94,3,433,496.96,370.86,3
2026-08-25T10:06:06.913648+00:00,14364,503.71,373.94,3,438,497.03,370.86,3
2026-08-25T10:11:35.920102+00:00,14369,503.76,373.94,3,443,497.1,370.86,3
2026-08-25T10:16:50.162608+00:00,14374,503.6,373.94,3,448,496.97,370.86,3
2026-08-25T10:22:04.623625+00:00,14379,503.77,373.94,3,453,497.11,370.86,3
2026-08-25T10:27:33.531463+00:00,14384,503.73,373.94,3,458,497.06,370.86,3
2026-08-25T10:32:48.252007+00:00,14389,503.66,373.94,3,463,497.02,370.86,3
2026-08-25T10:36:59.910479+00:00,14394,503.55,373.94,3,467,496.97,370.86,3
2026-08-25T10:42:14.249816+00:00,14399,503.71,373.94,3,472,497.06,370.86,3
2026-08-25T10:47:43.195773+00:00,14404,503.98,373.94,3,477,497.33,370.86,3
2026-08-25T10:52:58.105807+00:00,14409,503.97,373.94,3,482,497.32,370.86,3
2026-08-25T10:58:12.887935+00:00,14414,503.91,373.94,3,487,497.26,370.86,3
2026-08-25T11:03:27.833568+00:00,14419,503.73,373.94,3,492,497.09,370.86,3
2026-08-25T11:08:57.208795+00:00,14424,503.87,373.94,3,497,497.23,370.86,3
2026-08-25T11:13:09.133354+00:00,14429,503.57,373.94,3,501,496.84,370.86,3
2026-08-25T11:18:23.965308+00:00,14434,503.34,373.94,3,506,496.67,370.86,3
2026-08-25T11:23:38.946744+00:00,14439,503.4,373.94,3,511,496.7,370.86,3
2026-08-25T11:29:08.510978+00:00,14444,503.26,373.94,3,516,496.56,370.86,3
2026-08-25T11:34:23.907067+00:00,14449,503.46,373.94,3,521,496.8,370.86,3
2026-08-25T11:39:39.776675+00:00,14454,503.53,373.94,3,526,496.98,370.86,3
2026-08-25T11:44:55.824339+00:00,14459,503.26,373.94,3,531,496.72,370.86,3
2026-08-25T11:49:23.792295+00:00,14464,503.21,373.94,3,535,496.63,370.86,3
2026-08-25T11:54:39.575493+00:00,14468,503.16,373.94,3,540,496.54,370.86,3
2026-08-25T11:59:55.665617+00:00,14473,503.15,373.94,3,545,496.52,370.86,3
2026-08-25T12:05:11.737652+00:00,14478,502.96,373.94,3,550,496.32,370.86,3
2026-08-25T12:10:43.937422+00:00,14483,502.52,373.94,3,555,496.01,370.86,3
2026-08-25T12:15:59.936454+00:00,14488,503.02,373.94,3,560,496.42,370.86,3
2026-08-25T12:20:13.025053+00:00,14493,502.81,373.94,3,564,496.18,370.86,3
2026-08-25T12:25:29.192044+00:00,14498,502.58,373.94,3,569,496.01,370.86,3
2026-08-25T12:30:59.397140+00:00,14503,502.53,373.94,3,574,495.94,370.86,3
2026-08-25T12:36:14.970492+00:00,14508,502.69,373.94,3,579,496.1,370.86,3
2026-08-25T12:41:30.190491+00:00,14513,502.44,373.94,3,584,495.84,370.86,3
2026-08-25T12:46:45.546113+00:00,14518,502.77,373.94,3,589,496.16,370.86,3
2026-08-25T12:51:13.466895+00:00,14523,503.04,373.94,3,593,496.42,370.86,3
2026-08-25T12:56:29.476266+00:00,14528,503.03,373.94,3,598,496.43,370.86,3
2026-08-25T13:01:47.063580+00:00,14532,502.96,373.94,3,603,496.38,370.86,3
2026-08-25T13:07:03.388192+00:00,14537,503.11,373.94,3,608,496.46,370.86,3
2026-08-25T13:11:32.113747+00:00,14542,502.63,373.94,3,612,496.03,370.86,3
2026-08-25T13:16:48.224458+00:00,14547,502.45,373.94,3,617,495.86,370.86,3
2026-08-25T13:22:04.438233+00:00,14552,502.4,373.94,3,622,495.81,370.86,3
2026-08-25T13:27:20.752530+00:00,14557,502.04,373.94,3,627,495.44,370.86,3
2026-08-25T13:31:48.824236+00:00,14562,502.01,373.94,3,631,495.39,370.86,3
2026-08-25T13:37:04.926045+00:00,14567,502.76,373.94,3,636,496.06,370.86,3
2026-08-25T13:42:26.289398+00:00,14571,502.52,373.94,3,641,496.07,370.86,3
2026-08-25T13:47:46.638448+00:00,14576,501.8,373.94,3,646,495.38,370.86,3
2026-08-25T13:52:19.643253+00:00,14581,501.29,373.94,3,650,494.74,370.86,3
2026-08-25T13:57:39.659253+00:00,14586,501.59,373.94,3,655,495.03,370.86,3
2026-08-25T14:03:00.696727+00:00,14591,501.85,373.94,3,660,495.24,370.86,3
2026-08-25T14:08:20.703165+00:00,14596,502.32,373.94,3,665,495.74,370.86,3
2026-08-25T14:12:52.872240+00:00,14601,502.49,373.94,3,669,495.91,370.86,3
2026-08-25T14:18:13.412321+00:00,14606,502.33,373.94,3,674,495.78,370.86,3
2026-08-25T14:23:30.162083+00:00,14610,502.37,373.94,3,679,495.8,370.86,3
2026-08-25T14:28:46.405808+00:00,14615,502.76,373.94,3,684,496.15,370.86,3
2026-08-25T14:33:15.867489+00:00,14620,503.1,373.94,3,688,496.42,370.86,3
2026-08-25T14:38:32.419930+00:00,14625,502.91,373.94,3,693,496.4,370.86,3
2026-08-25T14:43:48.723055+00:00,14630,502.73,373.94,3,698,496.13,370.86,3
2026-08-25T14:49:05.332045+00:00,14635,502.91,373.94,3,703,496.33,370.86,3
2026-08-25T14:54:36.713867+00:00,14640,502.93,373.94,3,708,496.33,370.86,3
2026-08-25T14:59:53.520779+00:00,14645,502.89,373.94,3,713,496.29,370.86,3
2026-08-25T15:05:09.431925+00:00,14650,502.78,373.94,3,718,496.19,370.86,3
2026-08-25T15:09:22.603515+00:00,14655,502.9,373.94,3,722,496.33,370.86,3
2026-08-25T15:14:54.666922+00:00,14660,502.57,373.94,3,727,495.98,370.86,3
2026-08-25T15:20:11.452908+00:00,14665,502.84,373.94,3,732,496.18,370.86,3
2026-08-25T15:25:28.184360+00:00,14669,502.69,373.94,3,737,496.03,370.86,3
2026-08-25T15:30:44.753962+00:00,14674,502.81,373.94,3,742,496.21,370.86,3
2026-08-25T17:11:50.589335+00:00,14775,373.94,373.94,3,843,370.86,370.86,3
2026-08-25T18:52:50.808911+00:00,14876,373.94,373.94,3,944,370.86,370.86,3
2026-08-25T20:33:51.048390+00:00,14977,373.94,373.94,3,1045,370.86,370.86,3
2026-08-25T23:54:56.632035+00:00,15179,373.94,373.94,3,1247,370.86,370.86,3
2026-08-26T01:35:56.894446+00:00,15280,373.94,373.94,3,1348,370.86,370.86,3
2026-08-26T03:16:57.090027+00:00,15381,373.94,373.94,3,1449,370.86,370.86,3
2026-08-26T04:57:57.290248+00:00,15482,373.94,373.94,3,1550,370.86,370.86,3
2026-08-26T06:38:57.962913+00:00,15583,373.94,373.94,3,1651,370.86,370.86,3
2026-08-26T08:19:58.189826+00:00,15684,373.94,373.94,3,1752,370.86,370.86,3
2026-08-26T10:00:58.404482+00:00,15785,373.94,373.94,3,1853,370.86,370.86,3
2026-08-26T11:41:58.677385+00:00,15886,373.94,373.94,3,1954,370.86,370.86,3
2026-08-26T13:22:59.149717+00:00,15987,373.94,373.94,3,2055,370.86,370.86,3
2026-08-26T15:03:59.534080+00:00,16088,373.94,373.94,3,2156,370.86,370.86,3
2026-08-26T16:44:59.839662+00:00,16189,373.94,373.94,3,2257,370.86,370.86,3
2026-08-26T18:26:00.116232+00:00,16290,373.94,373.94,3,2358,370.86,370.86,3
2026-08-26T20:07:00.357770+00:00,16391,373.94,373.94,3,2459,370.86,370.86,3
2026-08-26T21:48:01.561310+00:00,16492,373.94,373.94,3,2560,370.86,370.86,3
2026-08-26T23:29:02.070279+00:00,16593,373.94,373.94,3,2661,370.86,370.86,3
2026-08-27T01:10:02.410630+00:00,16694,373.94,373.94,3,2762,370.86,370.86,3
2026-08-27T02:51:02.744130+00:00,16795,373.94,373.94,3,2863,370.86,370.86,3
2026-08-27T04:32:02.982868+00:00,16896,373.94,373.94,3,2964,370.86,370.86,3
2026-08-27T06:13:03.215487+00:00,16997,373.94,373.94,3,3065,370.86,370.86,3
2026-08-27T07:54:03.424062+00:00,17098,373.94,373.94,3,3166,370.86,370.86,3
2026-08-27T09:35:03.621397+00:00,17199,373.94,373.94,3,3267,370.86,370.86,3
2026-08-27T11:16:03.813445+00:00,17300,373.94,373.94,3,3368,370.86,370.86,3
2026-08-27T12:57:04.018947+00:00,17401,373.94,373.94,3,3469,370.86,370.86,3
2026-08-27T14:38:04.218511+00:00,17502,373.94,373.94,3,3570,370.86,370.86,3
2026-08-27T16:19:04.547352+00:00,17603,373.94,373.94,3,3671,370.86,370.86,3
2026-08-27T18:00:04.926534+00:00,17704,373.94,373.94,3,3772,370.86,370.86,3
2026-08-27T19:41:05.252485+00:00,17805,373.94,373.94,3,3873,370.86,370.86,3
2026-08-27T21:22:05.616585+00:00,17906,373.94,373.94,3,3974,370.86,370.86,3
2026-08-27T23:03:05.996791+00:00,18007,373.94,373.94,3,4075,370.86,370.86,3
2026-08-28T00:44:06.368217+00:00,18108,373.94,373.94,3,4176,370.86,370.86,3
2026-08-28T02:25:06.738604+00:00,18209,373.94,373.94,3,4277,370.86,370.86,3
2026-08-28T04:06:07.073153+00:00,18310,373.94,373.94,3,4378,370.86,370.86,3
2026-08-28T05:47:07.363822+00:00,18411,373.94,373.94,3,4479,370.86,370.86,3
2026-08-28T07:28:07.568187+00:00,18512,373.94,373.94,3,4580,370.86,370.86,3
2026-08-28T09:09:07.787255+00:00,18613,373.94,373.94,3,4681,370.86,370.86,3
2026-08-28T10:50:07.988157+00:00,18714,373.94,373.94,3,4782,370.86,370.86,3
2026-08-28T12:31:08.179035+00:00,18815,373.94,373.94,3,4883,370.86,370.86,3
2026-08-28T14:14:47.924050+00:00,18918,499.35,367.83,3,4985,499.61,367.45,3
2026-08-28T14:20:03.133695+00:00,18923,500.04,367.83,3,4990,500.13,367.45,3
2026-08-28T14:25:18.519303+00:00,18928,499.9,367.83,3,4995,500.02,367.45,3
2026-08-28T14:30:37.391457+00:00,18933,500.02,367.83,3,5000,499.99,367.45,3
2026-08-28T14:36:11.775088+00:00,18937,501.02,367.83,3,5005,501.01,367.45,3
2026-08-28T14:40:26.372363+00:00,18942,501.73,367.83,3,5009,501.7,367.45,3
2026-08-28T14:45:45.095331+00:00,18947,501.48,367.83,3,5014,501.55,367.45,3
2026-08-28T14:51:04.079325+00:00,18952,501.31,367.83,3,5019,501.33,367.45,3
2026-08-28T14:56:36.210667+00:00,18957,501.91,367.83,3,5024,501.92,367.45,3
2026-08-28T15:00:49.379692+00:00,18962,501.99,367.83,3,5028,502.01,367.45,3
2026-08-28T15:06:09.401247+00:00,18967,501.26,367.83,3,5033,501.41,367.45,3
2026-08-28T15:11:29.043605+00:00,18972,501.1,367.83,3,5038,501.12,367.45,3
2026-08-28T15:17:04.534995+00:00,18976,501.02,367.83,3,5043,501.08,367.45,3
2026-08-28T15:21:19.771093+00:00,18981,502.15,367.83,3,5047,502.23,367.45,3
2026-08-28T15:26:38.833367+00:00,18986,502.33,367.83,3,5052,502.39,367.45,3
2026-08-28T15:31:58.322667+00:00,18991,501.57,367.83,3,5057,501.59,367.45,3
2026-08-28T15:37:33.063158+00:00,18996,501.64,367.83,3,5062,501.66,367.45,3
2026-08-28T15:42:51.966890+00:00,19001,500.91,367.83,3,5067,500.88,367.45,3
2026-08-28T15:47:07.066578+00:00,19006,501.06,367.83,3,5071,500.98,367.45,3
2026-08-28T15:53:08.716808+00:00,19017,373.94,373.94,3,5085,370.86,370.86,3
2026-08-28T15:57:57.155351+00:00,19016,500.36,367.83,3,5081,500.38,367.45,3
2026-08-28T16:03:14.093545+00:00,19021,499.16,367.83,3,5086,499.31,367.45,3
2026-08-28T16:08:30.331617+00:00,19026,499.71,367.83,3,5091,499.78,367.45,3
2026-08-28T16:13:48.524491+00:00,19031,499.04,367.83,3,5096,499.06,367.45,3
2026-08-28T16:18:20.492096+00:00,19035,498.51,367.83,3,5100,498.51,367.45,3
2026-08-28T16:23:38.912626+00:00,19040,498.12,367.83,3,5105,498.06,367.45,3
2026-08-28T16:28:57.710395+00:00,19045,498.46,367.83,3,5110,498.5,367.45,3
2026-08-28T16:34:15.955521+00:00,19050,499.06,367.83,3,5115,498.94,367.45,3
2026-08-28T16:38:47.065284+00:00,19055,499.23,367.83,3,5119,499.25,367.45,3
2026-08-28T16:44:05.212410+00:00,19060,499.3,367.83,3,5124,499.36,367.45,3
2026-08-28T16:49:23.864307+00:00,19065,499.44,367.83,3,5129,499.46,367.45,3
2026-08-28T16:54:41.967767+00:00,19070,499.35,367.83,3,5134,499.37,367.45,3
2026-08-28T17:00:16.129927+00:00,19075,499.32,367.83,3,5139,499.29,367.45,3
2026-08-28T17:05:31.122769+00:00,19080,498.98,367.83,3,5144,498.97,367.45,3
2026-08-28T17:10:46.265338+00:00,19085,499.03,367.83,3,5149,499.04,367.45,3
2026-08-28T17:14:58.622107+00:00,19090,499.18,367.83,3,5153,499.21,367.45,3
2026-08-28T17:20:31.465055+00:00,19095,499.34,367.83,3,5158,499.36,367.45,3
2026-08-28T17:25:46.940989+00:00,19100,498.97,367.83,3,5163,499.03,367.45,3
2026-08-28T17:31:02.422934+00:00,19105,498.9,367.83,3,5168,498.91,367.45,3
2026-08-28T17:36:17.556819+00:00,19110,498.85,367.83,3,5173,498.87,367.45,3
2026-08-28T17:41:49.436601+00:00,19115,498.72,367.83,3,5178,498.73,367.45,3
2026-08-28T17:46:02.085219+00:00,19120,498.97,367.83,3,5182,498.87,367.45,3
2026-08-28T17:51:17.304340+00:00,19125,499.21,367.83,3,5187,499.22,367.45,3
2026-08-28T17:56:34.659927+00:00,19130,499.13,367.83,3,5192,499.12,367.45,3
2026-08-28T18:01:54.397812+00:00,19135,498.94,367.83,3,5196,498.97,367.45,3
2026-08-28T18:07:11.545352+00:00,19139,498.76,367.83,3,5201,498.77,367.45,3
2026-08-28T18:12:27.914759+00:00,19144,498.7,367.83,3,5206,498.7,367.45,3
2026-08-28T18:17:42.883738+00:00,19149,498.48,367.83,3,5211,498.51,367.45,3
2026-08-28T18:22:11.600372+00:00,19154,498.13,367.83,3,5215,498.14,367.45,3
2026-08-28T18:27:30.063825+00:00,19158,498.21,367.83,3,5220,498.22,367.45,3
2026-08-28T18:32:47.886950+00:00,19163,498.13,367.83,3,5225,498.14,367.45,3
2026-08-28T18:38:05.258676+00:00,19168,497.79,367.83,3,5230,497.8,367.45,3
2026-08-28T18:43:37.556709+00:00,19173,497.69,367.83,3,5235,497.7,367.45,3
2026-08-28T18:48:52.784034+00:00,19178,497.25,367.83,3,5240,497.13,367.45,3
2026-08-28T18:54:08.235988+00:00,19183,497.51,367.83,3,5245,497.53,367.45,3
2026-08-28T18:58:20.818775+00:00,19188,497.53,367.83,3,5249,497.54,367.45,3
2026-08-28T19:03:55.086923+00:00,19193,497.93,367.83,3,5254,497.95,367.45,3
2026-08-28T19:09:10.521951+00:00,19198,498.02,367.83,3,5259,498.03,367.45,3
2026-08-28T19:14:25.701080+00:00,19203,498.06,367.83,3,5264,498.07,367.45,3
2026-08-28T19:19:44.027554+00:00,19208,497.93,367.83,3,5269,497.94,367.45,3
2026-08-28T19:23:09.008635+00:00,19211,498.2,367.83,3,5272,498.22,367.45,3
2026-08-28T20:56:09.615563+00:00,19320,373.94,373.94,3,5388,370.86,370.86,3
2026-08-28T22:37:10.047035+00:00,19421,373.94,373.94,3,5489,370.86,370.86,3
2026-08-29T00:18:10.363131+00:00,19522,373.94,373.94,3,5590,370.86,370.86,3
2026-08-29T01:59:10.620498+00:00,19623,373.94,373.94,3,5691,370.86,370.86,3
2026-08-29T03:40:11.048363+00:00,19724,373.94,373.94,3,5792,370.86,370.86,3
2026-08-29T05:21:11.413259+00:00,19825,373.94,373.94,3,5893,370.86,370.86,3
2026-08-29T07:02:11.794519+00:00,19926,373.94,373.94,3,5994,370.86,370.86,3
2026-08-29T08:43:12.043134+00:00,20027,373.94,373.94,3,6095,370.86,370.86,3
2026-08-29T10:24:12.237431+00:00,20128,373.94,373.94,3,6196,370.86,370.86,3
2026-08-29T12:05:12.442254+00:00,20229,373.94,373.94,3,6297,370.86,370.86,3
2026-08-29T13:46:12.646266+00:00,20330,373.94,373.94,3,6398,370.86,370.86,3
2026-08-29T15:27:12.857419+00:00,20431,373.94,373.94,3,6499,370.86,370.86,3
2026-08-29T17:08:13.377146+00:00,20532,373.94,373.94,3,6600,370.86,370.86,3
2026-08-29T18:49:13.737957+00:00,20633,373.94,373.94,3,6701,370.86,370.86,3
2026-08-29T19:25:02.941319+00:00,20636,499.58,352.35,3,6704,499.56,352.33,3
2026-08-29T19:30:18.958800+00:00,20641,499.64,352.35,3,6709,499.63,352.33,3
2026-08-29T19:35:38.527646+00:00,20646,499.57,352.35,3,6714,499.55,352.33,3
2026-08-29T19:40:55.754805+00:00,20651,499.5,352.35,3,6719,499.49,352.33,3
2026-08-29T19:46:28.907341+00:00,20656,499.53,352.35,3,6724,499.51,352.33,3
2026-08-29T19:50:42.983081+00:00,20661,499.4,352.35,3,6728,499.39,352.33,3
2026-08-29T19:56:02.004977+00:00,20666,499.28,352.35,3,6733,499.27,352.33,3
2026-08-29T20:01:20.789586+00:00,20671,499.28,352.35,3,6738,499.26,352.33,3
2026-08-29T20:06:55.153470+00:00,20676,499.39,352.35,3,6743,499.37,352.33,3
2026-08-29T20:11:10.029092+00:00,20681,499.38,352.35,3,6747,499.37,352.33,3
2026-08-29T20:16:29.518267+00:00,20686,499.31,352.35,3,6752,499.29,352.33,3
2026-08-29T20:21:48.425529+00:00,20691,499.34,352.35,3,6757,499.34,352.33,3
2026-08-29T20:27:22.576750+00:00,20695,499.28,352.35,3,6762,499.26,352.33,3
2026-08-29T20:32:41.525528+00:00,20700,499.15,352.35,3,6767,499.13,352.33,3
2026-08-29T20:36:57.067186+00:00,20705,499.19,352.35,3,6771,499.17,352.33,3
2026-08-29T20:42:17.112161+00:00,20710,499.16,352.35,3,6776,499.15,352.33,3
2026-08-29T20:47:53.210469+00:00,20715,499.23,352.35,3,6781,499.22,352.33,3
2026-08-29T20:53:11.895746+00:00,20720,499.19,352.35,3,6786,499.18,352.33,3
2026-08-29T20:58:30.776969+00:00,20725,499.17,352.35,3,6791,499.16,352.33,3
2026-08-29T21:02:46.442585+00:00,20730,499.06,352.35,3,6795,499.08,352.33,3
2026-08-29T21:08:21.355758+00:00,20735,499.17,352.35,3,6800,499.14,352.33,3
2026-08-29T21:13:39.608404+00:00,20740,499.26,352.35,3,6805,499.22,352.33,3
2026-08-29T21:18:57.745667+00:00,20745,499.25,352.35,3,6810,499.24,352.33,3
2026-08-29T21:24:15.862382+00:00,20750,499.15,352.35,3,6815,499.13,352.33,3
2026-08-29T21:28:46.643346+00:00,20755,499.03,352.35,3,6819,499.02,352.33,3
2026-08-29T21:34:04.878674+00:00,20760,498.98,352.35,3,6824,498.97,352.33,3
2026-08-29T21:39:22.940933+00:00,20765,498.93,352.35,3,6829,498.92,352.33,3
2026-08-29T21:44:41.647689+00:00,20770,498.93,352.35,3,6834,498.91,352.33,3
2026-08-29T21:50:15.378947+00:00,20774,498.99,352.35,3,6839,499.0,352.33,3
2026-08-29T21:54:27.575241+00:00,20779,499.07,352.35,3,6843,499.06,352.33,3
2026-08-29T21:59:43.020472+00:00,20784,499.08,352.35,3,6848,499.06,352.33,3
2026-08-29T22:04:58.323063+00:00,20789,499.02,352.35,3,6853,499.01,352.33,3
2026-08-29T22:10:31.500893+00:00,20794,499.06,352.35,3,6858,499.04,352.33,3
2026-08-29T22:15:46.770994+00:00,20799,499.01,352.35,3,6863,498.98,352.33,3
2026-08-29T22:21:01.895836+00:00,20804,498.97,352.35,3,6868,498.95,352.33,3
2026-08-29T22:25:14.179127+00:00,20809,498.97,352.35,3,6872,498.96,352.33,3
2026-08-29T22:30:46.667785+00:00,20814,499.07,352.35,3,6877,499.05,352.33,3
2026-08-29T22:36:01.983232+00:00,20819,499.13,352.35,3,6882,499.12,352.33,3
2026-08-29T22:41:17.484293+00:00,20824,499.18,352.35,3,6887,499.17,352.33,3
2026-08-29T22:46:48.957810+00:00,20829,499.2,352.35,3,6892,499.18,352.33,3
2026-08-29T22:52:04.435522+00:00,20834,499.27,352.35,3,6897,499.25,352.33,3
2026-08-29T22:57:19.764918+00:00,20839,499.27,352.35,3,6902,499.25,352.33,3
2026-08-29T23:02:35.217313+00:00,20844,499.4,352.35,3,6907,499.38,352.33,3
2026-08-29T23:07:03.888268+00:00,20849,499.51,352.35,3,6911,499.49,352.33,3
2026-08-29T23:12:19.323980+00:00,20854,499.53,352.35,3,6916,499.52,352.33,3
2026-08-29T23:17:34.783532+00:00,20859,499.52,352.35,3,6921,499.51,352.33,3
2026-08-29T23:22:50.366656+00:00,20864,499.49,352.35,3,6926,499.47,352.33,3
2026-08-29T23:27:19.430302+00:00,20869,499.44,352.35,3,6930,499.44,352.33,3
2026-08-29T23:32:35.099172+00:00,20873,499.55,352.35,3,6935,499.53,352.33,3
2026-08-29T23:37:50.754898+00:00,20878,499.5,352.35,3,6940,499.48,352.33,3
2026-08-29T23:43:06.253498+00:00,20883,499.53,352.35,3,6945,499.51,352.33,3
2026-08-29T23:48:38.469068+00:00,20888,499.55,352.35,3,6950,499.55,352.33,3
2026-08-29T23:53:54.224016+00:00,20893,499.64,352.35,3,6955,499.62,352.33,3
2026-08-29T23:59:09.973303+00:00,20898,499.58,352.35,3,6960,499.56,352.33,3
2026-08-30T00:04:26.188390+00:00,20903,499.53,352.35,3,6965,499.51,352.33,3
2026-08-30T00:08:54.369938+00:00,20908,499.43,352.35,3,6969,499.41,352.33,3
2026-08-30T00:14:09.889550+00:00,20913,499.32,352.35,3,6974,499.3,352.33,3
2026-08-30T00:19:25.565267+00:00,20918,499.67,352.35,3,6979,499.65,352.33,3
2026-08-30T00:24:41.033003+00:00,20923,499.52,352.35,3,6984,499.5,352.33,3
2026-08-30T00:30:12.813957+00:00,20928,499.44,352.35,3,6989,499.43,352.33,3
2026-08-30T00:35:29.484146+00:00,20933,499.41,352.35,3,6994,499.39,352.33,3
2026-08-30T00:39:42.786071+00:00,20938,499.48,352.35,3,6998,499.54,352.33,3
2026-08-30T00:44:58.954933+00:00,20943,499.4,352.35,3,7003,499.38,352.33,3
2026-08-30T00:50:31.270735+00:00,20948,499.46,352.35,3,7008,499.44,352.33,3
2026-08-30T00:55:47.676616+00:00,20953,499.45,352.35,3,7013,499.43,352.33,3
2026-08-30T01:01:03.889488+00:00,20958,499.33,352.35,3,7018,499.31,352.33,3
2026-08-30T01:06:19.884000+00:00,20963,499.35,352.35,3,7023,499.33,352.33,3
2026-08-30T01:10:49.667012+00:00,20968,499.25,352.35,3,7027,499.23,352.33,3
2026-08-30T01:16:06.081605+00:00,20973,499.15,352.35,3,7032,499.13,352.33,3
2026-08-30T01:21:21.982116+00:00,20978,499.17,352.35,3,7037,499.15,352.33,3
2026-08-30T01:26:37.737611+00:00,20983,499.21,352.35,3,7042,499.19,352.33,3
2026-08-30T01:32:09.613052+00:00,20988,499.05,352.35,3,7047,499.03,352.33,3
2026-08-30T01:37:25.679164+00:00,20992,499.1,352.35,3,7052,499.09,352.33,3
2026-08-30T01:41:38.362609+00:00,20997,499.2,352.35,3,7056,499.18,352.33,3
2026-08-30T01:46:54.128221+00:00,21002,499.23,352.35,3,7061,499.21,352.33,3
2026-08-30T01:52:26.442929+00:00,21007,499.32,352.35,3,7066,499.3,352.33,3
2026-08-30T01:57:41.866783+00:00,21012,499.17,352.35,3,7071,499.12,352.33,3
2026-08-30T02:02:58.434508+00:00,21017,499.2,352.35,3,7076,499.18,352.33,3
2026-08-30T02:08:17.227711+00:00,21022,499.31,352.35,3,7081,499.29,352.33,3
2026-08-30T02:12:48.211583+00:00,21027,499.28,352.35,3,7085,499.26,352.33,3
2026-08-30T02:18:06.740523+00:00,21032,499.33,352.35,3,7090,499.31,352.33,3
2026-08-30T02:23:25.413609+00:00,21037,499.36,352.35,3,7095,499.34,352.33,3
2026-08-30T02:28:44.235250+00:00,21042,499.2,352.35,3,7100,499.19,352.33,3
2026-08-30T02:34:19.354320+00:00,21047,499.19,352.35,3,7105,499.17,352.33,3
2026-08-30T02:38:34.685972+00:00,21052,499.18,352.35,3,7109,499.16,352.33,3
2026-08-30T02:43:53.116082+00:00,21057,499.26,352.35,3,7114,499.24,352.33,3
2026-08-30T02:49:12.330337+00:00,21061,499.21,352.35,3,7119,499.2,352.33,3
2026-08-30T02:53:43.722573+00:00,21066,499.41,352.35,3,7123,499.39,352.33,3
2026-08-30T02:59:02.212786+00:00,21071,499.36,352.35,3,7128,499.35,352.33,3
2026-08-30T03:04:20.840463+00:00,21076,499.1,352.35,3,7133,499.08,352.33,3
2026-08-30T03:09:39.444972+00:00,21081,499.1,352.35,3,7138,499.08,352.33,3
2026-08-30T03:15:14.109910+00:00,21086,499.12,352.35,3,7143,499.1,352.33,3
2026-08-30T03:19:28.825796+00:00,21091,499.13,352.35,3,7147,499.11,352.33,3
2026-08-30T03:24:47.299589+00:00,21096,499.14,352.35,3,7152,499.13,352.33,3
2026-08-30T03:30:06.714840+00:00,21101,499.25,352.35,3,7157,499.23,352.33,3
2026-08-30T03:35:43.531673+00:00,21106,499.27,352.35,3,7162,499.26,352.33,3
2026-08-30T03:41:03.459836+00:00,21111,499.27,352.35,3,7167,499.25,352.33,3
2026-08-30T03:45:19.463647+00:00,21115,499.3,352.35,3,7171,499.28,352.33,3
2026-08-30T03:50:37.890856+00:00,21120,499.22,352.35,3,7176,499.2,352.33,3
2026-08-30T03:56:13.840186+00:00,21125,499.18,352.35,3,7181,499.16,352.33,3
2026-08-30T04:01:33.219539+00:00,21130,499.17,352.35,3,7186,499.16,352.33,3
2026-08-30T04:06:52.746727+00:00,21135,499.2,352.35,3,7191,499.17,352.33,3
2026-08-30T04:11:08.374096+00:00,21140,499.1,352.35,3,7195,499.08,352.33,3
2026-08-30T04:16:43.064800+00:00,21145,499.12,352.35,3,7200,499.11,352.33,3
2026-08-30T04:21:58.984189+00:00,21150,499.12,352.35,3,7205,499.11,352.33,3
2026-08-30T04:27:15.047398+00:00,21155,499.07,352.35,3,7210,499.05,352.33,3
2026-08-30T04:32:49.340680+00:00,21160,499.0,352.35,3,7215,498.98,352.33,3
2026-08-30T04:37:04.730996+00:00,21165,499.0,352.35,3,7219,498.97,352.33,3
2026-08-30T04:42:24.513865+00:00,21170,498.93,352.35,3,7224,498.91,352.33,3
2026-08-30T04:47:43.048403+00:00,21175,498.81,352.35,3,7229,498.79,352.33,3
2026-08-30T04:53:18.617781+00:00,21180,498.79,352.35,3,7234,498.78,352.33,3
2026-08-30T04:58:38.034185+00:00,21185,498.95,352.35,3,7239,498.93,352.33,3
2026-08-30T05:02:53.405109+00:00,21190,499.23,352.35,3,7243,499.12,352.33,3
2026-08-30T05:08:12.771553+00:00,21194,499.27,352.35,3,7248,499.26,352.33,3
2026-08-30T05:13:48.732873+00:00,21199,499.2,352.35,3,7253,499.18,352.33,3
2026-08-30T05:19:08.163030+00:00,21204,499.13,352.35,3,7258,499.12,352.33,3
2026-08-30T05:24:27.518016+00:00,21209,499.14,352.35,3,7263,499.12,352.33,3
2026-08-30T05:28:42.584620+00:00,21214,499.13,352.35,3,7267,499.11,352.33,3
2026-08-30T05:34:18.572476+00:00,21219,499.13,352.35,3,7272,499.11,352.33,3
2026-08-30T05:39:37.764839+00:00,21224,499.07,352.35,3,7277,499.05,352.33,3
2026-08-30T05:44:57.480042+00:00,21229,499.08,352.35,3,7282,499.07,352.33,3
2026-08-30T05:50:16.348006+00:00,21234,499.09,352.35,3,7287,499.08,352.33,3
2026-08-30T05:54:47.772483+00:00,21239,499.09,352.35,3,7291,499.08,352.33,3
2026-08-30T06:00:06.395309+00:00,21244,499.09,352.35,3,7296,499.07,352.33,3
2026-08-30T06:05:25.671881+00:00,21249,499.16,352.35,3,7301,499.14,352.33,3
2026-08-30T06:10:44.502528+00:00,21253,499.13,352.35,3,7306,499.11,352.33,3
2026-08-30T06:15:15.399635+00:00,21258,499.06,352.35,3,7310,499.04,352.33,3
2026-08-30T06:20:33.170586+00:00,21263,499.09,352.35,3,7315,499.07,352.33,3
2026-08-30T06:25:49.510452+00:00,21268,499.12,352.35,3,7320,499.1,352.33,3
2026-08-30T06:31:04.658654+00:00,21273,499.12,352.35,3,7325,499.1,352.33,3
2026-08-30T06:36:35.990105+00:00,21278,499.14,352.35,3,7330,499.12,352.33,3
2026-08-30T06:41:51.979663+00:00,21283,499.18,352.35,3,7335,499.2,352.33,3
2026-08-30T06:46:06.615628+00:00,21288,499.18,352.35,3,7339,499.17,352.33,3
2026-08-30T06:51:23.033695+00:00,21293,499.28,352.35,3,7344,499.25,352.33,3
2026-08-30T06:56:54.833746+00:00,21298,499.26,352.35,3,7349,499.25,352.33,3
2026-08-30T07:02:10.857101+00:00,21303,499.47,352.35,3,7354,499.45,352.33,3
2026-08-30T07:07:27.114634+00:00,21308,499.39,352.35,3,7359,499.38,352.33,3
2026-08-30T07:12:45.141299+00:00,21313,499.39,352.35,3,7364,499.38,352.33,3
2026-08-30T07:17:16.674298+00:00,21318,499.33,352.35,3,7368,499.33,352.33,3
2026-08-30T07:22:34.062739+00:00,21323,499.28,352.35,3,7373,499.26,352.33,3
2026-08-30T07:27:50.769568+00:00,21328,499.28,352.35,3,7378,499.26,352.33,3
2026-08-30T07:33:09.118590+00:00,21332,499.24,352.35,3,7383,499.23,352.33,3
2026-08-30T07:37:37.432854+00:00,21337,499.15,352.35,3,7387,499.13,352.33,3
2026-08-30T07:42:54.407616+00:00,21342,499.16,352.35,3,7392,499.14,352.33,3
2026-08-30T07:48:10.189170+00:00,21347,498.97,352.35,3,7397,498.96,352.33,3
2026-08-30T07:53:26.031354+00:00,21352,499.02,352.35,3,7402,499.0,352.33,3
2026-08-30T07:58:57.377876+00:00,21357,499.1,352.35,3,7407,499.01,352.33,3
2026-08-30T08:04:13.143755+00:00,21362,499.03,352.35,3,7412,499.05,352.33,3
2026-08-30T08:09:29.190931+00:00,21367,499.09,352.35,3,7417,499.07,352.33,3
2026-08-30T08:14:44.823563+00:00,21372,499.05,352.35,3,7422,499.03,352.33,3
2026-08-30T08:19:14.963832+00:00,21377,499.08,352.35,3,7426,499.06,352.33,3
2026-08-30T08:24:33.811077+00:00,21382,499.11,352.35,3,7431,499.08,352.33,3
2026-08-30T08:29:51.771649+00:00,21387,499.13,352.35,3,7436,499.11,352.33,3
2026-08-30T08:35:09.719089+00:00,21392,499.13,352.35,3,7441,499.11,352.33,3
2026-08-30T08:39:39.371208+00:00,21397,498.98,352.35,3,7445,498.97,352.33,3
2026-08-30T08:44:57.465657+00:00,21402,498.86,352.35,3,7450,498.87,352.33,3
2026-08-30T08:50:14.973508+00:00,21406,498.75,352.35,3,7455,498.73,352.33,3
2026-08-30T08:55:32.842827+00:00,21411,498.84,352.35,3,7460,498.83,352.33,3
2026-08-30T09:00:03.110481+00:00,21416,498.89,352.35,3,7464,498.88,352.33,3
2026-08-30T09:05:21.371368+00:00,21421,498.97,352.35,3,7469,498.96,352.33,3
2026-08-30T09:10:39.724252+00:00,21426,498.98,352.35,3,7474,498.96,352.33,3
2026-08-30T09:15:57.551975+00:00,21431,499.0,352.35,3,7479,498.98,352.33,3
2026-08-30T09:21:32.062962+00:00,21436,498.98,352.35,3,7484,498.98,352.33,3
2026-08-30T09:25:46.692035+00:00,21441,498.9,352.35,3,7488,498.91,352.33,3
2026-08-30T09:31:05.964164+00:00,21446,498.78,352.35,3,7493,498.73,352.33,3
2026-08-30T09:36:23.582716+00:00,21451,498.78,352.35,3,7498,498.77,352.33,3
2026-08-30T09:41:57.872533+00:00,21456,498.79,352.35,3,7503,498.73,352.33,3
2026-08-30T09:47:15.631970+00:00,21461,498.83,352.35,3,7508,498.81,352.33,3
2026-08-30T09:52:33.537548+00:00,21466,498.79,352.35,3,7513,498.78,352.33,3
2026-08-30T09:56:47.638199+00:00,21471,498.74,352.35,3,7517,498.72,352.33,3
2026-08-30T10:02:21.206479+00:00,21475,498.74,352.35,3,7522,498.73,352.33,3
2026-08-30T10:07:38.938434+00:00,21480,498.72,352.35,3,7527,498.72,352.33,3
2026-08-30T10:12:57.542945+00:00,21485,498.79,352.35,3,7532,498.78,352.33,3
2026-08-30T10:18:15.414404+00:00,21490,498.79,352.35,3,7537,498.77,352.33,3
2026-08-30T10:22:45.864850+00:00,21495,498.79,352.35,3,7541,498.77,352.33,3
2026-08-30T10:28:03.724528+00:00,21500,499.0,352.35,3,7546,498.99,352.33,3
2026-08-30T10:33:21.949598+00:00,21505,499.02,352.35,3,7551,499.0,352.33,3
2026-08-30T10:38:40.332610+00:00,21510,498.98,352.35,3,7556,498.97,352.33,3
2026-08-30T10:44:14.273735+00:00,21515,499.08,352.35,3,7561,499.07,352.33,3
2026-08-30T10:48:28.864536+00:00,21520,499.23,352.35,3,7565,499.22,352.33,3
2026-08-30T10:53:46.975622+00:00,21525,499.21,352.35,3,7570,499.19,352.33,3
2026-08-30T10:59:04.799627+00:00,21530,499.24,352.35,3,7575,499.23,352.33,3
2026-08-30T11:04:39.562824+00:00,21535,499.25,352.35,3,7580,499.26,352.33,3
2026-08-30T11:09:57.411166+00:00,21540,499.31,352.35,3,7585,499.3,352.33,3
2026-08-30T11:15:14.597953+00:00,21545,499.23,352.35,3,7590,499.21,352.33,3
2026-08-30T11:19:29.374908+00:00,21550,499.24,352.35,3,7594,499.21,352.33,3
2026-08-30T11:25:03.459616+00:00,21554,499.22,352.35,3,7599,499.2,352.33,3
2026-08-30T11:30:21.297215+00:00,21559,499.31,352.35,3,7604,499.3,352.33,3
2026-08-30T11:35:39.290098+00:00,21564,499.28,352.35,3,7609,499.23,352.33,3
2026-08-30T11:39:53.900981+00:00,21569,499.15,352.35,3,7613,499.12,352.33,3
2026-08-30T11:45:28.163220+00:00,21574,499.22,352.35,3,7618,499.2,352.33,3
2026-08-30T11:50:45.970193+00:00,21579,499.2,352.35,3,7623,499.18,352.33,3
2026-08-30T11:56:03.830003+00:00,21584,499.15,352.35,3,7628,499.14,352.33,3
2026-08-30T12:01:37.210214+00:00,21589,499.22,352.35,3,7633,499.22,352.33,3
2026-08-30T12:06:55.058086+00:00,21594,499.62,352.35,3,7638,499.77,352.33,3
2026-08-30T12:11:09.522708+00:00,21599,499.98,352.35,3,7642,499.98,352.33,3
2026-08-30T12:16:27.230643+00:00,21604,499.98,352.35,3,7647,499.97,352.33,3
2026-08-30T12:22:01.730684+00:00,21609,499.68,352.35,3,7652,499.66,352.33,3
2026-08-30T12:27:19.582676+00:00,21614,499.58,352.35,3,7657,499.56,352.33,3
2026-08-30T12:32:37.471306+00:00,21619,499.86,352.35,3,7662,499.84,352.33,3
2026-08-30T12:37:54.733398+00:00,21624,499.64,352.35,3,7667,499.56,352.33,3
2026-08-30T12:42:24.860420+00:00,21629,499.86,352.35,3,7671,499.71,352.33,3
2026-08-30T12:47:43.174539+00:00,21634,499.85,352.35,3,7676,499.84,352.33,3
2026-08-30T12:53:00.981282+00:00,21638,499.77,352.35,3,7681,499.78,352.33,3
2026-08-30T12:58:18.615835+00:00,21643,500.05,352.35,3,7686,500.02,352.33,3
2026-08-30T13:02:49.175461+00:00,21648,500.21,352.35,3,7690,500.17,352.33,3
2026-08-30T13:08:07.053907+00:00,21653,500.24,352.35,3,7695,500.22,352.33,3
2026-08-30T13:13:24.790804+00:00,21658,500.07,352.35,3,7700,500.05,352.33,3
2026-08-30T13:18:42.680740+00:00,21663,500.1,352.35,3,7705,500.08,352.33,3
2026-08-30T13:24:16.930995+00:00,21668,500.35,352.35,3,7710,500.36,352.33,3
2026-08-30T13:29:35.019536+00:00,21673,500.42,352.35,3,7715,500.38,352.33,3
2026-08-30T13:33:49.342474+00:00,21678,500.56,352.35,3,7719,500.56,352.33,3
2026-08-30T13:39:07.117721+00:00,21683,500.8,352.35,3,7724,500.79,352.33,3
2026-08-30T13:44:40.703934+00:00,21688,500.83,352.35,3,7729,500.81,352.33,3
2026-08-30T13:49:59.108940+00:00,21693,501.27,352.35,3,7734,501.25,352.33,3
2026-08-30T13:55:16.780176+00:00,21698,501.15,352.35,3,7739,501.14,352.33,3
2026-08-30T14:00:34.364098+00:00,21703,500.98,352.35,3,7744,500.96,352.33,3
2026-08-30T14:05:05.022344+00:00,21708,501.13,352.35,3,7748,501.1,352.33,3
2026-08-30T14:10:23.308179+00:00,21713,501.09,352.35,3,7753,501.07,352.33,3
2026-08-30T14:15:41.273199+00:00,21718,501.08,352.35,3,7758,501.15,352.33,3
2026-08-30T14:20:58.775675+00:00,21722,500.94,352.35,3,7763,500.87,352.33,3
2026-08-30T14:25:29.624062+00:00,21727,500.97,352.35,3,7767,500.95,352.33,3
2026-08-30T14:30:47.147299+00:00,21732,501.01,352.35,3,7772,500.99,352.33,3
2026-08-30T14:36:05.005196+00:00,21737,500.93,352.35,3,7777,500.91,352.33,3
2026-08-30T14:41:22.597614+00:00,21742,500.79,352.35,3,7782,500.77,352.33,3
2026-08-30T14:46:57.277958+00:00,21747,500.78,352.35,3,7787,500.77,352.33,3
2026-08-30T14:52:14.961099+00:00,21752,500.88,352.35,3,7792,500.88,352.33,3
2026-08-30T14:56:29.294077+00:00,21757,500.87,352.35,3,7796,500.85,352.33,3
2026-08-30T15:01:47.384320+00:00,21762,500.82,352.35,3,7801,500.8,352.33,3
2026-08-30T15:07:21.605639+00:00,21767,500.71,352.35,3,7806,500.69,352.33,3
2026-08-30T15:12:39.464167+00:00,21772,500.63,352.35,3,7811,500.61,352.33,3
2026-08-30T15:17:56.654450+00:00,21777,500.56,352.35,3,7816,500.54,352.33,3
2026-08-30T15:23:14.361738+00:00,21782,500.59,352.35,3,7821,500.58,352.33,3
2026-08-30T15:27:45.088646+00:00,21787,500.72,352.35,3,7825,500.81,352.33,3
2026-08-30T15:33:02.572495+00:00,21792,500.78,352.35,3,7830,500.76,352.33,3
2026-08-30T15:38:20.418090+00:00,21797,500.73,352.35,3,7835,500.77,352.33,3
2026-08-30T15:43:38.286476+00:00,21802,500.74,352.35,3,7840,500.72,352.33,3
2026-08-30T15:48:09.116474+00:00,21806,500.81,352.35,3,7844,500.78,352.33,3
2026-08-30T15:53:26.712139+00:00,21811,500.64,352.35,3,7849,500.63,352.33,3
2026-08-30T15:58:44.499897+00:00,21816,500.59,352.35,3,7854,500.57,352.33,3
2026-08-30T16:04:02.226771+00:00,21821,500.74,352.35,3,7859,500.77,352.33,3
2026-08-30T16:09:36.382819+00:00,21826,500.91,352.35,3,7864,500.86,352.33,3
2026-08-30T16:14:54.413134+00:00,21831,501.65,352.35,3,7869,501.6,352.33,3
2026-08-30T16:19:08.744946+00:00,21836,501.75,352.35,3,7873,501.74,352.33,3
2026-08-30T16:24:23.321854+00:00,21841,501.57,352.35,3,7878,501.5,352.33,3
2026-08-30T16:29:54.877819+00:00,21846,501.55,352.35,3,7883,501.53,352.33,3
2026-08-30T16:35:09.594724+00:00,21851,501.68,352.35,3,7888,501.66,352.33,3
2026-08-30T16:40:25.452366+00:00,21856,501.65,352.35,3,7893,501.63,352.33,3
2026-08-30T16:45:43.517478+00:00,21861,501.84,352.35,3,7898,501.82,352.33,3
2026-08-30T16:50:14.278762+00:00,21866,501.85,352.35,3,7902,501.81,352.33,3
2026-08-30T16:55:31.898336+00:00,21871,501.86,352.35,3,7907,501.84,352.33,3
2026-08-30T17:00:50.335294+00:00,21875,502.04,352.35,3,7912,501.98,352.33,3
2026-08-30T17:06:08.855867+00:00,21880,501.79,352.35,3,7917,501.76,352.33,3
2026-08-30T17:10:39.889404+00:00,21885,501.7,352.35,3,7921,501.7,352.33,3
2026-08-30T17:15:58.475197+00:00,21890,501.58,352.35,3,7926,501.5,352.33,3
2026-08-30T17:21:13.493368+00:00,21895,501.07,352.35,3,7931,501.05,352.33,3
2026-08-30T17:26:28.714878+00:00,21900,500.45,352.35,3,7936,500.47,352.33,3
2026-08-30T17:31:59.891393+00:00,21905,500.71,352.35,3,7941,500.68,352.33,3
2026-08-30T17:37:14.930413+00:00,21910,500.97,352.35,3,7946,500.96,352.33,3
2026-08-30T17:42:29.878953+00:00,21915,500.99,352.35,3,7951,500.96,352.33,3
2026-08-30T17:46:42.282151+00:00,21920,501.16,352.35,3,7955,501.09,352.33,3
2026-08-30T17:52:13.959453+00:00,21925,501.11,352.35,3,7960,501.09,352.33,3
2026-08-30T17:57:28.811162+00:00,21930,501.01,352.35,3,7965,501.0,352.33,3
2026-08-30T18:02:44.118532+00:00,21935,501.18,352.35,3,7970,501.15,352.33,3
2026-08-30T18:08:15.796474+00:00,21940,501.2,352.35,3,7975,501.14,352.33,3
2026-08-30T18:13:30.854596+00:00,21945,500.83,352.35,3,7980,500.81,352.33,3
2026-08-30T18:18:45.906917+00:00,21950,501.02,352.35,3,7985,501.05,352.33,3
2026-08-30T18:22:58.546036+00:00,21955,501.21,352.35,3,7989,501.19,352.33,3
2026-08-30T18:28:29.836635+00:00,21960,501.32,352.35,3,7994,501.29,352.33,3
2026-08-30T18:33:44.911851+00:00,21965,501.62,352.35,3,7999,501.63,352.33,3
2026-08-30T18:39:00.442756+00:00,21970,501.69,352.35,3,8004,501.68,352.33,3
2026-08-30T18:44:15.580013+00:00,21975,501.65,352.35,3,8009,501.63,352.33,3
2026-08-30T18:49:47.061769+00:00,21980,501.54,352.35,3,8014,501.52,352.33,3
2026-08-30T18:53:59.373548+00:00,21985,501.46,352.35,3,8018,501.49,352.33,3
2026-08-30T18:59:14.643217+00:00,21990,501.57,352.35,3,8023,501.54,352.33,3
2026-08-30T19:04:30.732058+00:00,21995,501.4,352.35,3,8028,501.37,352.33,3
2026-08-30T19:10:03.241733+00:00,22000,501.41,352.35,3,8033,501.42,352.33,3
2026-08-30T19:15:18.867462+00:00,22005,501.59,352.35,3,8038,501.57,352.33,3
2026-08-30T19:20:34.803513+00:00,22010,501.4,352.35,3,8043,501.38,352.33,3
2026-08-30T19:25:50.936461+00:00,22014,501.15,352.35,3,8048,501.13,352.33,3
2026-08-30T19:30:18.100227+00:00,22019,501.1,352.35,3,8052,501.09,352.33,3
2026-08-30T19:35:36.377412+00:00,22024,501.12,352.35,3,8057,501.11,352.33,3
2026-08-30T19:40:55.408242+00:00,22029,499.37,354.64,3,8062,500.67,352.33,3
2026-08-30T19:46:13.328042+00:00,22034,499.13,354.64,3,8067,500.42,352.33,3
2026-08-30T19:50:41.508684+00:00,22039,499.2,354.64,3,8071,500.5,352.33,3
2026-08-30T19:55:58.614749+00:00,22043,499.26,354.64,3,8076,500.56,352.33,3
2026-08-30T20:01:18.933163+00:00,22048,499.49,354.64,3,8081,500.8,352.33,3
2026-08-30T20:06:39.290640+00:00,22053,499.47,354.64,3,8086,500.75,352.33,3
2026-08-30T20:11:10.462364+00:00,22058,499.47,354.64,3,8090,500.77,352.33,3
2026-08-30T20:16:29.703727+00:00,22063,499.55,354.64,3,8095,500.86,352.33,3
2026-08-30T20:21:49.476772+00:00,22068,499.45,354.64,3,8100,500.75,352.33,3
2026-08-30T20:27:09.839997+00:00,22073,499.47,354.64,3,8105,500.75,352.33,3
2026-08-30T20:32:45.024621+00:00,22078,498.93,354.64,3,8110,500.18,352.33,3
2026-08-30T20:37:25.205197+00:00,22083,499.17,354.64,3,8114,500.43,352.32,3
2026-08-30T20:42:41.366412+00:00,22088,498.7,354.64,3,8119,499.99,352.32,3
2026-08-30T20:47:57.533622+00:00,22093,498.57,354.64,3,8124,499.8,352.32,3
2026-08-30T20:53:15.677652+00:00,22098,498.9,354.64,3,8129,500.13,352.32,3
2026-08-30T20:57:45.267115+00:00,22102,498.73,354.64,3,8133,500.0,352.32,3
2026-08-30T21:03:04.277975+00:00,22107,497.42,408.33,2,8138,498.8,352.32,3
2026-08-30T21:08:22.514874+00:00,22112,497.47,408.33,2,8143,498.85,352.32,3
2026-08-30T21:13:37.630730+00:00,22117,497.49,408.33,2,8148,498.96,352.32,3
2026-08-30T21:19:08.685205+00:00,22122,497.62,408.33,2,8153,499.09,352.32,3
2026-08-30T21:24:25.460560+00:00,22127,497.59,408.33,2,8158,498.93,352.32,3
2026-08-30T21:28:38.867468+00:00,22132,497.65,408.33,2,8162,499.17,352.32,3
2026-08-30T21:33:55.409127+00:00,22137,497.73,408.33,2,8167,499.41,352.32,3
2026-08-30T21:39:26.769479+00:00,22142,497.7,408.33,2,8172,499.35,352.32,3
2026-08-30T21:44:43.167470+00:00,22147,497.69,408.33,2,8177,499.3,352.32,3
2026-08-30T21:49:59.368364+00:00,22152,497.59,408.33,2,8182,499.15,352.32,3
2026-08-30T21:55:16.101973+00:00,22157,497.65,408.33,2,8187,499.26,352.32,3
2026-08-30T21:59:45.026544+00:00,22162,497.69,408.33,2,8191,499.4,352.32,3
2026-08-30T22:05:02.257625+00:00,22167,497.9,408.33,2,8196,499.64,352.32,3
2026-08-30T22:10:19.081276+00:00,22172,497.69,408.33,2,8201,499.29,352.32,3
2026-08-30T22:15:36.215618+00:00,22177,497.54,408.33,2,8206,498.98,352.32,3
2026-08-30T22:21:08.919080+00:00,22182,497.53,408.33,2,8211,498.86,352.32,3
2026-08-30T22:25:22.548434+00:00,22186,497.3,408.33,2,8215,498.41,352.32,3
2026-08-30T22:30:40.022625+00:00,22191,497.2,408.33,2,8220,498.32,352.32,3
2026-08-30T22:35:57.251168+00:00,22196,496.85,366.03,3,8225,498.47,352.32,3
2026-08-30T22:40:26.190386+00:00,22201,497.09,366.03,3,8229,498.52,352.32,3
2026-08-30T22:45:43.412509+00:00,22206,497.09,366.03,3,8234,498.74,352.32,3
2026-08-30T22:46:47.157054+00:00,22208,497.03,366.03,3,8235,498.72,352.32,3
2026-08-31T01:11:26.246910+00:00,22309,366.03,366.03,3,8336,352.32,352.32,3
2026-08-31T02:52:26.461503+00:00,22410,366.03,366.03,3,8437,352.32,352.32,3
2026-08-31T04:33:26.654494+00:00,22511,366.03,366.03,3,8538,352.32,352.32,3
2026-08-31T06:14:26.849001+00:00,22612,366.03,366.03,3,8639,352.32,352.32,3
2026-08-31T07:55:27.042075+00:00,22713,366.03,366.03,3,8740,352.32,352.32,3
2026-08-31T09:36:27.229553+00:00,22814,366.03,366.03,3,8841,352.32,352.32,3
2026-08-31T11:17:27.413314+00:00,22915,366.03,366.03,3,8942,352.32,352.32,3
2026-08-31T12:58:27.633871+00:00,23016,366.03,366.03,3,9043,352.32,352.32,3
2026-08-31T15:35:00.653052+00:00,23117,366.03,366.03,3,9144,352.32,352.32,3
2026-08-31T16:00:57.157919+00:00,23121,495.77,384.71,3,9148,496.42,337.53,4
2026-08-31T16:06:33.399829+00:00,23125,495.38,384.22,3,9152,495.8,335.95,4
2026-08-31T16:10:53.032343+00:00,23130,495.4,384.22,3,9156,495.76,335.95,4
2026-08-31T16:16:08.963579+00:00,23135,495.2,384.22,3,9161,495.63,335.95,4
2026-08-31T16:21:25.055826+00:00,23140,495.34,384.22,3,9166,495.76,335.95,4
2026-08-31T16:26:02.742179+00:00,23144,495.2,384.22,3,9170,495.62,335.95,4
2026-08-31T16:31:20.193863+00:00,23149,495.25,384.22,3,9175,495.65,335.95,4
2026-08-31T16:36:36.073321+00:00,23154,495.29,384.22,3,9180,495.72,335.95,4
2026-08-31T16:40:49.001254+00:00,23159,495.25,384.22,3,9184,495.65,335.95,4
2026-08-31T16:46:35.390958+00:00,23163,495.51,384.22,3,9189,495.84,335.95,4
2026-08-31T16:51:51.961065+00:00,23168,495.48,384.22,3,9194,495.87,335.95,4
2026-08-31T16:56:04.280780+00:00,23173,495.7,384.22,3,9198,496.07,335.95,4
2026-08-31T17:01:19.825381+00:00,23178,495.4,384.22,3,9203,495.8,335.95,4
2026-08-31T17:06:57.696019+00:00,23183,495.42,384.22,3,9208,495.73,335.95,4
2026-08-31T17:11:10.922361+00:00,23188,495.49,384.22,3,9212,495.77,335.95,4
2026-08-31T17:16:26.430633+00:00,23192,495.52,384.22,3,9217,495.82,335.95,4
2026-08-31T17:21:41.897205+00:00,23197,495.39,384.22,3,9222,495.71,335.95,4
2026-08-31T17:25:54.625718+00:00,23202,495.29,384.22,3,9226,495.61,335.95,4
2026-08-31T17:31:32.664499+00:00,23207,495.24,384.22,3,9231,495.68,335.95,4
2026-08-31T17:36:47.981774+00:00,23212,495.32,384.22,3,9236,495.75,335.95,4
2026-08-31T17:42:03.273349+00:00,23216,495.61,384.22,3,9241,496.21,335.95,4
2026-08-31T17:46:15.659200+00:00,23221,495.78,384.22,3,9245,496.2,335.95,4
2026-08-31T17:51:56.791933+00:00,23226,495.83,384.22,3,9250,496.32,335.95,4
2026-08-31T17:56:15.101797+00:00,23231,495.9,384.22,3,9254,496.39,335.95,4
2026-08-31T18:01:30.964735+00:00,23236,495.79,384.22,3,9259,496.33,335.95,4
2026-08-31T18:06:46.578809+00:00,23240,495.7,384.22,3,9264,496.19,335.95,4
2026-08-31T18:12:21.299518+00:00,23245,495.75,384.22,3,9269,496.33,335.95,4
2026-08-31T18:16:33.608624+00:00,23250,496.03,384.22,3,9273,496.47,335.95,4
2026-08-31T18:21:49.418423+00:00,23255,496.08,384.22,3,9278,496.65,335.95,4
2026-08-31T18:27:05.544205+00:00,23260,495.8,384.22,3,9283,496.35,335.95,4
2026-08-31T18:32:09.642078+00:00,23264,495.86,384.22,3,9287,496.41,335.95,4
2026-08-31T18:37:25.919070+00:00,23269,496.11,384.22,3,9292,496.64,335.95,4
2026-08-31T18:41:38.802562+00:00,23273,496.36,384.22,3,9296,496.88,335.95,4
2026-08-31T18:46:54.207382+00:00,23278,496.35,384.22,3,9301,496.87,335.95,4
2026-08-31T18:51:53.000954+00:00,23283,496.28,384.22,3,9305,496.82,335.95,4
2026-08-31T18:57:08.425186+00:00,23287,496.22,384.22,3,9310,496.81,335.95,4
2026-08-31T19:02:24.038292+00:00,23292,496.3,384.22,3,9315,496.85,335.95,4
2026-08-31T19:06:36.567283+00:00,23297,496.35,384.22,3,9319,496.88,335.95,4
2026-08-31T19:12:34.236645+00:00,23301,496.54,384.22,3,9323,497.08,335.95,4
2026-08-31T19:16:46.870587+00:00,23306,496.34,384.22,3,9327,497.01,335.95,4
2026-08-31T19:22:02.474911+00:00,23311,496.14,384.22,3,9332,496.8,335.95,4
2026-08-31T19:27:18.333812+00:00,23316,496.17,384.22,3,9337,496.81,335.95,4
2026-08-31T19:29:24.601142+00:00,23320,496.23,384.22,3,9339,496.88,335.95,4
2026-08-31T19:37:17.606701+00:00,23324,496.23,384.22,3,9344,496.85,335.95,4
2026-08-31T19:42:32.886538+00:00,23329,495.96,384.22,3,9349,496.64,335.95,4
2026-08-31T19:46:51.124349+00:00,23333,496.03,384.22,3,9353,496.67,335.95,4
2026-08-31T19:52:53.011831+00:00,23338,496.06,384.22,3,9357,496.66,335.95,4
2026-08-31T19:57:22.710183+00:00,23342,495.94,384.22,3,9361,496.54,335.95,4
2026-08-31T20:02:38.202728+00:00,23346,495.9,384.22,3,9366,496.54,335.95,4
2026-08-31T20:07:54.103699+00:00,23351,495.94,384.22,3,9371,496.57,335.95,4
2026-08-31T20:11:03.389890+00:00,23356,495.98,384.22,3,9374,496.6,335.95,4
2026-08-31T20:17:23.680074+00:00,23359,496.04,384.22,3,9378,496.6,335.95,4
2026-08-31T20:22:39.749280+00:00,23364,496.28,384.22,3,9383,496.83,335.95,4
2026-08-31T20:27:56.075325+00:00,23369,496.1,384.22,3,9388,496.66,335.95,4
2026-08-31T20:32:12.859748+00:00,23374,496.03,384.22,3,9392,496.61,335.95,4
2026-08-31T20:37:27.426009+00:00,23377,495.76,384.22,3,9395,496.33,335.95,4
2026-08-31T20:42:45.377936+00:00,23382,495.78,384.22,3,9400,496.36,335.95,4
2026-08-31T20:48:03.791820+00:00,23387,495.87,384.22,3,9405,496.44,335.95,4
2026-08-31T20:52:23.323512+00:00,23391,495.8,384.22,3,9409,496.37,335.95,4
2026-08-31T20:57:39.716307+00:00,23396,495.82,384.22,3,9412,496.39,335.95,4
2026-08-31T21:02:58.036595+00:00,23400,495.75,384.22,3,9417,496.3,335.95,4
2026-08-31T21:08:13.504588+00:00,23405,495.67,384.22,3,9422,496.25,335.95,4
2026-08-31T21:12:27.849941+00:00,23410,495.71,384.22,3,9426,496.29,335.95,4
2026-08-31T21:18:04.092390+00:00,23415,495.64,384.22,3,9431,496.22,335.95,4
2026-08-31T21:23:19.692009+00:00,23420,495.7,384.22,3,9436,496.27,335.95,4
2026-08-31T21:27:32.444480+00:00,23425,495.84,384.22,3,9440,496.41,335.95,4
2026-08-31T21:32:49.427393+00:00,23429,495.98,384.22,3,9445,496.54,335.95,4
2026-08-31T21:38:21.235802+00:00,23434,496.1,384.22,3,9450,496.63,335.95,4
2026-08-31T21:42:39.628971+00:00,23439,496.09,384.22,3,9454,496.64,335.95,4
2026-08-31T21:47:55.806293+00:00,23444,496.1,384.22,3,9459,496.66,335.95,4
2026-08-31T21:53:12.330009+00:00,23449,496.02,384.22,3,9464,496.62,335.95,4
2026-08-31T21:57:41.055883+00:00,23453,496.02,384.22,3,9468,496.58,335.95,4
2026-08-31T22:02:56.503308+00:00,23458,495.87,384.22,3,9473,496.43,335.95,4
2026-08-31T22:08:11.316203+00:00,23463,495.87,384.22,3,9478,496.43,335.95,4
2026-08-31T22:13:26.921503+00:00,23468,495.84,384.22,3,9483,496.4,335.95,4
2026-08-31T22:17:54.691921+00:00,23473,495.77,384.22,3,9487,496.34,335.95,4
2026-08-31T22:23:09.652529+00:00,23478,495.62,384.22,3,9492,496.2,335.95,4
2026-08-31T22:28:24.416160+00:00,23482,495.63,384.22,3,9497,496.21,335.95,4
2026-08-31T22:33:40.085923+00:00,23487,495.62,384.22,3,9502,496.19,335.95,4
2026-08-31T22:38:07.169320+00:00,23492,495.56,384.22,3,9506,496.16,335.95,4
2026-08-31T22:43:22.356632+00:00,23497,495.53,384.22,3,9511,496.13,335.95,4
2026-08-31T22:48:37.400030+00:00,23502,495.51,384.22,3,9516,496.11,335.95,4
2026-08-31T22:53:52.936384+00:00,23507,495.45,384.22,3,9521,496.05,335.95,4
2026-08-31T22:58:20.116779+00:00,23512,495.47,384.22,3,9525,496.08,335.95,4
2026-08-31T23:03:35.433032+00:00,23516,495.21,384.22,3,9530,495.8,335.95,4
2026-08-31T23:08:50.785511+00:00,23521,495.28,384.22,3,9535,495.89,335.95,4
2026-08-31T23:14:06.329551+00:00,23526,495.29,384.22,3,9540,495.9,335.95,4
2026-08-31T23:18:34.188179+00:00,23531,495.3,384.22,3,9544,495.91,335.95,4
2026-08-31T23:23:49.938004+00:00,23535,495.33,384.22,3,9549,495.94,335.95,4
2026-08-31T23:29:12.621476+00:00,23540,495.4,384.22,3,9554,496.01,335.95,4
2026-08-31T23:33:24.925779+00:00,23545,495.37,384.22,3,9558,495.99,335.95,4
2026-08-31T23:38:56.084316+00:00,23550,495.34,384.22,3,9563,495.95,335.95,4
2026-08-31T23:44:11.351399+00:00,23555,495.38,384.22,3,9568,495.98,335.95,4
2026-08-31T23:48:23.448647+00:00,23560,495.32,384.22,3,9572,495.93,335.95,4
2026-08-31T23:53:38.709898+00:00,23564,495.35,384.22,3,9577,495.96,335.95,4
2026-08-31T23:59:08.765409+00:00,23569,495.34,384.22,3,9582,495.95,335.95,4
2026-09-01T00:04:23.877812+00:00,23574,495.38,384.22,3,9587,495.98,335.95,4
2026-09-01T00:08:36.244631+00:00,23579,495.44,384.22,3,9591,496.01,335.95,4
2026-09-01T00:13:51.320632+00:00,23584,495.61,384.22,3,9596,496.18,335.95,4
2026-09-01T00:19:23.467448+00:00,23589,495.7,384.22,3,9601,496.28,335.95,4
2026-09-01T00:23:36.432949+00:00,23593,495.76,384.22,3,9605,496.33,335.95,4
2026-09-01T00:28:52.602080+00:00,23598,495.79,384.22,3,9610,496.36,335.95,4
2026-09-01T00:34:07.998544+00:00,23603,495.63,384.22,3,9615,496.21,335.95,4
2026-09-01T00:39:41.108723+00:00,23608,495.74,384.22,3,9620,496.29,335.95,4
2026-09-01T00:43:53.798636+00:00,23613,495.59,384.22,3,9624,496.19,335.95,4
2026-09-01T00:49:09.656646+00:00,23618,495.67,384.22,3,9629,496.24,335.95,4
2026-09-01T00:54:25.804429+00:00,23622,495.64,384.22,3,9634,496.23,335.95,4
2026-09-01T00:58:52.772854+00:00,23627,495.47,384.22,3,9638,496.1,335.95,4
2026-09-01T01:04:10.068075+00:00,23632,495.52,384.22,3,9643,496.1,335.95,4
2026-09-01T01:09:25.228436+00:00,23637,495.61,384.22,3,9648,496.2,335.95,4
2026-09-01T01:14:46.202494+00:00,23642,495.39,384.22,3,9653,495.99,335.95,4
2026-09-01T01:19:14.569381+00:00,23647,495.45,384.22,3,9657,496.04,335.95,4
2026-09-01T01:24:30.933570+00:00,23651,495.46,384.22,3,9662,496.04,335.95,4
2026-09-01T01:29:45.954021+00:00,23656,495.19,384.22,3,9667,495.79,335.95,4
2026-09-01T01:35:01.345389+00:00,23661,495.13,384.22,3,9672,495.75,335.95,4
2026-09-01T01:39:28.343214+00:00,23666,495.35,384.22,3,9676,495.95,335.95,4
2026-09-01T01:44:44.799875+00:00,23671,495.46,384.22,3,9681,496.07,335.95,4
2026-09-01T01:49:59.777749+00:00,23675,495.43,384.22,3,9686,496.04,335.95,4
2026-09-01T01:54:11.729463+00:00,23680,495.34,384.22,3,9690,495.96,335.95,4
2026-09-01T01:59:41.051956+00:00,23685,495.26,384.22,3,9695,495.88,335.95,4
2026-09-01T02:04:57.110149+00:00,23690,495.17,384.22,3,9700,495.79,335.95,4
2026-09-01T02:10:13.391096+00:00,23695,495.16,384.22,3,9705,495.78,335.95,4
2026-09-01T02:14:26.485553+00:00,23700,495.01,384.22,3,9709,495.61,335.95,4
2026-09-01T02:19:57.330848+00:00,23704,495.03,384.22,3,9714,495.66,335.95,4
2026-09-01T02:25:14.679760+00:00,23709,495.15,384.22,3,9719,495.79,335.95,4
2026-09-01T02:29:27.388973+00:00,23714,495.11,384.22,3,9723,495.75,335.95,4
2026-09-01T02:34:43.473944+00:00,23719,495.26,384.22,3,9728,495.89,335.95,4
2026-09-01T02:40:14.514168+00:00,23724,495.17,384.22,3,9733,495.8,335.95,4
2026-09-01T02:44:28.120444+00:00,23729,495.2,384.22,3,9737,495.83,335.95,4
2026-09-01T02:49:42.904460+00:00,23733,495.22,384.22,3,9742,495.84,335.95,4
2026-09-01T02:54:57.514297+00:00,23738,495.24,384.22,3,9747,495.86,335.95,4
2026-09-01T03:00:27.837811+00:00,23743,495.38,384.22,3,9752,495.99,335.95,4
2026-09-01T03:04:44.800739+00:00,23748,495.36,384.22,3,9756,495.98,335.95,4
2026-09-01T03:10:00.381698+00:00,23753,495.36,384.22,3,9761,495.97,335.95,4
2026-09-01T03:15:14.749909+00:00,23757,495.39,384.22,3,9766,496.01,335.95,4
2026-09-01T03:20:43.884760+00:00,23762,495.41,384.22,3,9771,496.03,335.95,4
2026-09-01T03:24:56.756764+00:00,23767,495.42,384.22,3,9775,496.03,335.95,4
2026-09-01T03:30:11.078454+00:00,23772,495.42,384.22,3,9780,496.04,335.95,4
2026-09-01T03:35:25.529907+00:00,23777,495.84,384.22,3,9785,496.43,335.95,4
2026-09-01T03:39:46.460617+00:00,23782,496.04,384.22,3,9789,496.6,335.95,4
2026-09-01T03:45:07.235511+00:00,23787,495.93,384.22,3,9794,496.5,335.95,4
2026-09-01T03:50:21.957786+00:00,23791,495.77,384.22,3,9799,496.34,335.95,4
2026-09-01T03:55:36.930705+00:00,23796,495.74,384.22,3,9804,496.31,335.95,4
2026-09-01T03:59:57.663790+00:00,23801,495.68,384.22,3,9808,496.27,335.95,4
2026-09-01T04:05:18.924806+00:00,23806,495.76,384.22,3,9813,496.35,335.95,4
2026-09-01T04:10:33.728927+00:00,23811,495.79,384.22,3,9818,496.38,335.95,4
2026-09-01T04:15:48.435849+00:00,23816,495.7,384.22,3,9823,496.3,335.95,4
2026-09-01T04:20:09.223315+00:00,23820,495.84,384.22,3,9827,496.43,335.95,4
2026-09-01T04:25:30.499775+00:00,23825,495.9,384.22,3,9832,496.48,335.95,4
2026-09-01T04:30:44.953625+00:00,23830,495.93,384.22,3,9837,496.51,335.95,4
2026-09-01T04:35:59.430911+00:00,23835,495.87,384.22,3,9842,496.46,335.95,4
2026-09-01T04:40:19.860398+00:00,23840,495.79,384.22,3,9846,496.39,335.95,4
2026-09-01T04:45:40.694051+00:00,23845,495.79,384.22,3,9851,496.38,335.95,4
2026-09-01T04:50:58.376611+00:00,23850,495.74,384.22,3,9856,496.34,335.95,4
2026-09-01T04:56:12.999546+00:00,23854,495.72,384.22,3,9861,496.31,335.95,4
2026-09-01T05:00:33.896569+00:00,23859,495.67,384.22,3,9865,496.25,335.95,4
2026-09-01T05:05:54.867191+00:00,23864,495.97,384.22,3,9870,496.54,335.95,4
2026-09-01T05:11:09.215091+00:00,23869,495.99,384.22,3,9875,496.55,335.95,4
2026-09-01T05:16:23.655353+00:00,23874,495.93,384.22,3,9880,496.5,335.95,4
2026-09-01T05:20:44.264305+00:00,23879,495.83,384.22,3,9884,496.41,335.95,4
2026-09-01T05:26:04.858278+00:00,23883,495.79,384.22,3,9889,496.37,335.95,4
2026-09-01T05:31:19.953555+00:00,23888,495.96,384.22,3,9894,496.59,335.95,4
2026-09-01T05:36:34.375879+00:00,23893,496.15,384.22,3,9899,496.7,335.95,4
2026-09-01T05:40:54.971251+00:00,23898,496.14,384.22,3,9903,496.68,335.95,4
2026-09-01T05:46:15.894960+00:00,23903,496.26,384.22,3,9908,496.81,335.95,4
2026-09-01T05:51:30.470618+00:00,23908,496.26,384.22,3,9913,496.8,335.95,4
2026-09-01T05:56:45.199833+00:00,23912,496.34,384.22,3,9918,496.88,335.95,4
2026-09-01T06:01:06.156221+00:00,23917,496.3,384.22,3,9922,496.84,335.95,4
2026-09-01T06:06:27.072203+00:00,23922,496.25,384.22,3,9927,496.8,335.95,4
2026-09-01T06:11:41.253473+00:00,23927,496.12,384.22,3,9932,496.66,335.95,4
2026-09-01T06:15:52.580270+00:00,23932,496.08,384.22,3,9936,496.66,335.95,4
2026-09-01T06:21:16.515102+00:00,23936,495.98,384.22,3,9941,496.54,335.95,4
2026-09-01T06:26:37.260554+00:00,23941,495.89,384.22,3,9946,496.45,335.95,4
2026-09-01T06:31:51.456293+00:00,23946,495.97,384.22,3,9951,496.54,335.95,4
2026-09-01T06:36:06.151018+00:00,23951,495.95,384.22,3,9955,496.55,335.95,4
2026-09-01T06:41:30.219603+00:00,23956,495.94,384.22,3,9960,496.5,335.95,4
2026-09-01T06:46:51.328868+00:00,23961,495.93,384.22,3,9965,496.5,335.95,4
2026-09-01T06:51:02.980520+00:00,23966,495.87,384.22,3,9969,496.45,335.95,4
2026-09-01T06:56:17.346830+00:00,23970,495.79,384.22,3,9974,496.36,335.95,4
2026-09-01T07:01:13.220997+00:00,23971,495.75,384.22,3,9978,496.21,335.95,4
2026-09-01T07:01:13.220997+00:00,23975,495.69,384.22,3,9978,496.21,335.95,4
2026-09-01T07:01:13.220997+00:00,23980,495.66,384.22,3,9978,496.21,335.95,4
2026-09-01T07:16:26.512259+00:00,23985,495.69,384.22,3,9982,496.27,335.95,4
2026-09-01T07:21:40.823163+00:00,23990,495.67,384.22,3,9987,496.25,335.95,4
2026-09-01T07:26:55.018636+00:00,23995,495.78,384.22,3,9992,496.36,335.95,4
2026-09-01T07:32:09.157353+00:00,24000,495.64,384.22,3,9997,496.23,335.95,4
2026-09-01T07:36:27.554967+00:00,24005,495.58,384.22,3,10001,496.22,335.95,4
2026-09-01T07:41:41.647811+00:00,24009,495.32,384.22,3,10006,495.92,335.95,4
2026-09-01T07:46:56.120610+00:00,24014,495.41,384.22,3,10011,496.02,335.95,4
2026-09-01T07:52:10.753152+00:00,24019,495.49,384.22,3,10016,496.12,335.95,4
2026-09-01T07:56:27.895675+00:00,24024,495.52,384.22,3,10020,496.13,335.95,4
2026-09-01T08:01:42.108390+00:00,24029,495.51,384.22,3,10025,496.11,335.95,4
2026-09-01T08:06:56.248141+00:00,24034,495.22,384.22,3,10030,495.84,335.95,4
2026-09-01T08:12:10.456060+00:00,24039,495.06,384.22,3,10035,495.67,335.95,4
2026-09-01T08:17:31.023527+00:00,24044,495.07,384.22,3,10040,495.69,335.95,4
2026-09-01T08:21:42.159995+00:00,24048,495.01,384.22,3,10044,495.65,335.95,4
2026-09-01T08:26:56.352930+00:00,24053,494.64,384.22,3,10049,495.28,335.95,4
2026-09-01T08:32:13.705875+00:00,24058,494.49,384.22,3,10054,495.12,335.95,4
2026-09-01T08:37:34.184642+00:00,24063,494.66,384.22,3,10059,495.38,335.95,4
2026-09-01T08:41:46.100715+00:00,24068,494.35,384.22,3,10063,495.03,335.95,4
2026-09-01T08:47:01.077796+00:00,24073,494.58,384.22,3,10068,495.24,335.95,4
2026-09-01T08:52:15.802651+00:00,24078,494.42,384.22,3,10073,495.09,335.95,4
2026-09-01T08:57:36.010029+00:00,24083,494.48,384.22,3,10078,495.14,335.95,4
2026-09-01T09:02:50.081959+00:00,24087,494.42,384.22,3,10083,495.01,335.95,4
2026-09-01T09:07:01.345996+00:00,24092,494.26,384.22,3,10087,494.95,335.95,4
2026-09-01T09:12:15.891537+00:00,24097,494.36,384.22,3,10092,495.04,335.95,4
2026-09-01T09:17:36.323081+00:00,24102,494.29,384.22,3,10097,494.97,335.95,4
2026-09-01T09:22:50.439643+00:00,24107,494.38,384.22,3,10102,495.11,335.95,4
2026-09-01T09:27:01.843861+00:00,24112,494.55,384.22,3,10106,495.19,335.95,4
2026-09-01T09:32:16.091388+00:00,24117,494.5,384.22,3,10111,495.17,335.95,4
2026-09-01T09:37:36.636841+00:00,24121,494.45,384.22,3,10116,495.12,335.95,4
2026-09-01T09:42:50.983273+00:00,24126,494.54,384.22,3,10121,495.21,335.95,4
2026-09-01T09:47:02.727389+00:00,24131,494.58,384.22,3,10125,495.25,335.95,4
2026-09-01T09:52:17.276553+00:00,24136,494.52,384.22,3,10130,495.19,335.95,4
2026-09-01T09:57:37.729821+00:00,24141,494.48,384.22,3,10135,495.15,335.95,4
2026-09-01T10:02:52.077246+00:00,24146,494.52,384.22,3,10140,495.19,335.95,4
2026-09-01T10:08:06.639455+00:00,24151,494.46,384.22,3,10145,495.14,335.95,4
2026-09-01T10:12:18.408235+00:00,24155,494.45,384.22,3,10149,495.12,335.95,4
2026-09-01T10:17:42.405837+00:00,24160,494.52,384.22,3,10154,495.18,335.95,4
2026-09-01T10:22:56.985930+00:00,24165,494.62,384.22,3,10159,495.28,335.95,4
2026-09-01T10:28:11.562505+00:00,24170,494.73,384.22,3,10164,495.4,335.95,4
2026-09-01T10:32:22.978639+00:00,24175,494.89,384.22,3,10168,495.51,335.95,4
2026-09-01T10:37:43.084903+00:00,24180,494.87,384.22,3,10173,495.52,335.95,4
2026-09-01T10:42:57.757570+00:00,24185,494.97,384.22,3,10178,495.62,335.95,4
2026-09-01T10:48:12.234135+00:00,24190,494.95,384.22,3,10183,495.6,335.95,4
2026-09-01T10:52:23.584644+00:00,24194,494.79,384.22,3,10187,495.44,335.95,4
2026-09-01T10:57:43.773752+00:00,24199,494.69,384.22,3,10192,495.35,335.95,4
2026-09-01T11:02:57.960009+00:00,24204,494.64,384.22,3,10197,495.3,335.95,4
2026-09-01T11:08:12.162444+00:00,24209,494.61,384.22,3,10202,495.28,335.95,4
2026-09-01T11:13:26.461090+00:00,24214,494.63,384.22,3,10207,495.29,335.95,4
2026-09-01T11:17:43.850845+00:00,24219,494.63,384.22,3,10211,495.31,335.95,4
2026-09-01T11:22:58.257935+00:00,24224,494.54,384.22,3,10216,495.21,335.95,4
2026-09-01T11:28:12.707712+00:00,24228,494.55,384.22,3,10221,495.22,335.95,4
2026-09-01T11:33:27.069405+00:00,24233,494.68,384.22,3,10226,495.38,335.95,4
2026-09-01T11:37:44.393543+00:00,24238,494.83,384.22,3,10230,495.48,335.95,4
2026-09-01T11:42:58.969532+00:00,24243,494.89,384.22,3,10235,495.54,335.95,4
2026-09-01T11:48:13.439839+00:00,24248,494.82,384.22,3,10240,495.47,335.95,4
2026-09-01T11:53:28.135219+00:00,24253,494.89,384.22,3,10245,495.54,335.95,4
2026-09-01T11:58:48.259416+00:00,24258,494.7,384.22,3,10250,495.35,335.95,4
2026-09-01T12:03:03.061101+00:00,24263,494.65,384.22,3,10254,495.31,335.95,4
2026-09-01T12:08:18.090584+00:00,24267,494.71,384.22,3,10259,495.38,335.95,4
2026-09-01T12:13:32.600133+00:00,24272,494.7,384.22,3,10264,495.32,335.95,4
2026-09-01T12:18:52.636953+00:00,24277,494.75,384.22,3,10269,495.37,335.95,4
2026-09-01T12:23:04.354342+00:00,24282,494.64,384.22,3,10273,495.3,335.95,4
2026-09-01T12:28:18.811124+00:00,24287,494.68,384.22,3,10278,495.35,335.95,4
2026-09-01T12:33:33.504567+00:00,24292,494.51,384.22,3,10283,495.17,335.95,4
2026-09-01T12:38:54.216187+00:00,24297,494.14,384.22,3,10288,494.82,335.95,4
2026-09-01T12:43:05.984078+00:00,24302,494.33,384.22,3,10292,494.97,335.95,4
2026-09-01T12:48:20.599502+00:00,24306,494.47,384.22,3,10297,495.13,335.95,4
2026-09-01T12:53:34.965009+00:00,24311,494.43,384.22,3,10302,495.1,335.95,4
2026-09-01T12:58:55.204648+00:00,24316,494.45,384.22,3,10307,495.1,335.95,4
2026-09-01T13:04:09.976919+00:00,24321,494.16,384.22,3,10312,494.83,335.95,4
2026-09-01T13:08:22.283563+00:00,24326,494.19,384.22,3,10316,494.74,335.95,4
2026-09-01T13:13:37.722223+00:00,24331,494.26,384.22,3,10321,494.93,335.95,4
2026-09-01T13:18:58.991813+00:00,24336,494.23,384.22,3,10326,494.91,335.95,4
2026-09-01T13:24:14.797073+00:00,24340,494.21,384.22,3,10331,494.88,335.95,4
2026-09-01T13:28:27.338722+00:00,24345,494.19,384.22,3,10335,494.85,335.95,4
2026-09-01T13:33:42.966223+00:00,24350,494.33,384.22,3,10340,495.0,335.95,4
2026-09-01T13:39:05.424836+00:00,24355,493.97,384.22,3,10345,494.67,335.95,4
2026-09-01T13:44:20.872225+00:00,24360,493.99,423.86,2,10350,494.91,335.95,4
2026-09-01T13:48:39.487863+00:00,24365,494.09,423.86,2,10354,495.24,335.95,4
2026-09-01T13:53:54.641368+00:00,24370,494.06,423.86,2,10359,495.03,335.95,4
2026-09-01T13:59:15.539427+00:00,24374,494.01,423.86,2,10364,494.94,335.95,4
2026-09-01T14:04:30.853657+00:00,24379,494.19,423.86,2,10369,495.16,335.95,4
2026-09-01T14:08:42.584702+00:00,24384,494.3,423.86,2,10373,495.38,335.95,4
2026-09-01T14:13:57.718079+00:00,24389,494.29,423.86,2,10378,495.35,335.95,4
2026-09-01T14:19:19.404650+00:00,24394,494.19,423.86,2,10383,495.23,335.95,4
2026-09-01T14:24:34.651297+00:00,24399,494.24,423.86,2,10388,495.31,335.95,4
2026-09-01T14:28:46.733097+00:00,24404,494.27,423.86,2,10392,495.46,335.95,4
2026-09-01T14:34:02.475567+00:00,24408,494.27,423.86,2,10397,495.36,335.95,4
2026-09-01T14:39:24.598138+00:00,24413,494.34,423.86,2,10402,495.43,335.95,4
2026-09-01T14:44:40.290505+00:00,24418,494.31,423.86,2,10407,495.42,335.95,4
2026-09-01T14:48:52.855531+00:00,24423,494.38,423.86,2,10411,495.55,335.95,4
2026-09-01T14:54:08.539219+00:00,24428,494.3,423.86,2,10416,495.39,335.95,4
2026-09-01T14:59:30.780922+00:00,24433,494.13,423.86,2,10421,495.16,335.95,4
2026-09-01T15:04:46.303361+00:00,24438,493.78,423.86,2,10426,494.67,335.95,4
2026-09-01T15:08:59.097918+00:00,24442,493.71,423.86,2,10430,494.59,335.95,4
2026-09-01T15:14:15.098365+00:00,24447,493.78,423.86,2,10435,494.68,335.95,4
2026-09-01T15:19:36.329752+00:00,24452,493.8,423.86,2,10440,494.69,335.95,4
2026-09-01T15:24:52.029981+00:00,24457,493.88,423.86,2,10445,494.78,335.95,4
2026-09-01T15:29:04.600656+00:00,24462,493.97,423.86,2,10449,494.84,335.95,4
2026-09-01T15:34:26.331340+00:00,24467,494.11,423.86,2,10454,495.05,335.95,4
2026-09-01T15:39:48.376153+00:00,24472,494.12,423.86,2,10459,495.08,335.95,4
2026-09-01T15:45:04.024299+00:00,24476,494.14,423.86,2,10464,495.17,335.95,4
2026-09-01T15:49:16.835166+00:00,24481,494.22,423.86,2,10468,495.18,335.95,4
2026-09-01T15:54:32.452606+00:00,24486,494.25,423.86,2,10473,495.23,335.95,4
2026-09-01T15:59:54.144357+00:00,24491,494.17,423.86,2,10478,495.14,335.95,4
2026-09-01T16:05:09.435111+00:00,24496,494.02,423.86,2,10483,494.95,335.95,4
2026-09-01T16:09:21.770991+00:00,24501,493.93,423.86,2,10487,494.9,335.95,4
2026-09-01T16:14:37.463945+00:00,24506,493.79,423.86,2,10492,494.63,335.95,4
2026-09-01T16:19:59.736937+00:00,24510,493.76,423.86,2,10497,494.52,335.95,4
2026-09-01T16:25:15.735043+00:00,24515,493.6,423.86,2,10502,494.33,335.95,4
2026-09-01T16:29:28.229630+00:00,24520,493.75,423.86,2,10506,494.58,335.95,4
2026-09-01T16:34:43.838013+00:00,24525,493.6,423.86,2,10511,494.41,335.95,4
2026-09-01T16:40:05.303069+00:00,24530,493.65,423.86,2,10516,494.41,335.95,4
2026-09-01T16:45:20.723606+00:00,24535,493.48,423.86,2,10521,494.22,335.95,4
2026-09-01T16:49:33.133247+00:00,24539,493.57,423.86,2,10525,494.37,335.95,4
2026-09-01T16:54:47.849756+00:00,24544,493.63,423.86,2,10530,494.43,335.95,4
2026-09-01T17:00:09.080112+00:00,24549,493.6,423.86,2,10535,494.4,335.95,4
2026-09-01T17:05:24.479306+00:00,24554,493.56,423.86,2,10540,494.34,335.95,4
2026-09-01T17:09:36.733109+00:00,24559,493.55,423.86,2,10544,494.31,335.95,4
2026-09-01T17:14:52.641987+00:00,24564,493.49,423.86,2,10549,494.3,335.95,4
2026-09-01T17:20:20.268841+00:00,24569,493.6,423.86,2,10554,494.36,335.95,4
2026-09-01T17:25:35.423758+00:00,24574,493.6,423.86,2,10559,494.39,335.95,4
2026-09-01T17:29:47.840124+00:00,24578,493.58,423.86,2,10563,494.35,335.95,4
2026-09-01T17:35:02.756494+00:00,24583,493.69,423.86,2,10568,494.54,335.95,4
2026-09-01T17:40:24.474471+00:00,24588,493.68,423.86,2,10573,494.49,335.95,4
2026-09-01T17:45:39.916521+00:00,24593,493.63,423.86,2,10578,494.34,335.95,4
2026-09-01T17:50:55.471741+00:00,24598,493.49,423.86,2,10583,494.23,335.95,4
2026-09-01T17:55:07.920505+00:00,24603,493.29,423.86,2,10587,493.96,335.95,4
2026-09-01T18:00:29.643641+00:00,24607,493.22,423.86,2,10592,493.96,335.95,4
2026-09-01T18:05:44.633299+00:00,24612,493.21,423.86,2,10597,493.82,335.95,4
2026-09-01T18:10:59.936434+00:00,24617,493.05,423.86,2,10602,493.67,335.95,4
2026-09-01T18:15:12.512055+00:00,24622,493.05,423.86,2,10606,493.71,335.95,4
2026-09-01T18:20:34.473359+00:00,24627,492.87,423.86,2,10611,493.46,335.95,4
2026-09-01T18:25:49.915894+00:00,24632,492.94,423.86,2,10616,493.54,335.95,4
2026-09-01T18:31:05.040059+00:00,24637,492.68,423.86,2,10621,493.33,335.95,4
2026-09-01T18:35:16.955330+00:00,24641,492.65,423.86,2,10625,493.18,335.95,4
2026-09-01T18:40:38.711331+00:00,24646,492.29,423.86,2,10630,492.75,335.95,4
2026-09-01T18:45:53.255769+00:00,24651,492.12,423.86,2,10635,492.38,335.95,4
2026-09-01T18:51:07.983480+00:00,24656,492.51,423.86,2,10640,493.07,335.95,4
2026-09-01T18:55:19.856680+00:00,24661,492.65,423.86,2,10644,493.18,335.95,4
2026-09-01T19:00:41.006289+00:00,24666,492.87,423.86,2,10649,493.46,335.95,4
2026-09-01T19:06:00.960093+00:00,24671,492.96,423.86,2,10654,493.62,335.95,4
2026-09-01T19:11:15.573679+00:00,24676,492.9,423.86,2,10659,493.53,335.95,4
2026-09-01T19:16:30.221902+00:00,24680,492.88,423.86,2,10664,493.59,335.95,4
2026-09-01T19:20:53.193441+00:00,24685,492.97,423.86,2,10668,493.63,335.95,4
2026-09-01T19:26:08.030915+00:00,24690,493.09,423.86,2,10673,493.78,335.95,4
2026-09-01T19:31:22.933827+00:00,24695,493.12,423.86,2,10678,493.82,335.95,4
2026-09-01T19:35:35.301345+00:00,24700,493.05,423.86,2,10682,493.73,335.95,4
2026-09-01T19:40:59.826737+00:00,24705,493.02,423.86,2,10687,493.65,335.95,4
2026-09-01T19:46:15.338022+00:00,24709,492.99,423.86,2,10692,493.66,335.95,4
2026-09-01T19:51:30.751740+00:00,24714,492.96,423.86,2,10697,493.64,335.95,4
2026-09-01T19:55:43.266074+00:00,24719,492.95,423.86,2,10701,493.59,335.95,4
2026-09-01T20:01:22.767179+00:00,24724,492.99,423.86,2,10706,493.67,335.95,4
2026-09-01T20:06:37.590429+00:00,24729,493.01,423.86,2,10711,493.68,335.95,4
2026-09-01T20:10:50.192353+00:00,24734,492.96,423.86,2,10715,493.64,335.95,4
2026-09-01T20:16:05.725406+00:00,24738,493.07,423.86,2,10720,493.81,335.95,4
2026-09-01T20:21:28.829791+00:00,24743,493.16,423.86,2,10725,493.89,335.95,4
2026-09-01T20:26:44.342429+00:00,24748,493.07,423.86,2,10730,493.78,335.95,4
2026-09-01T20:30:56.965084+00:00,24753,493.09,423.86,2,10734,493.82,335.95,4
2026-09-01T20:36:12.381775+00:00,24758,493.13,423.86,2,10739,493.83,335.95,4
2026-09-01T20:41:34.407829+00:00,24763,493.04,423.86,2,10744,493.75,335.95,4
2026-09-01T20:46:49.725841+00:00,24768,492.97,423.86,2,10749,493.69,335.95,4
2026-09-01T20:51:05.959854+00:00,24772,492.95,423.86,2,10753,493.66,335.95,4
2026-09-01T20:56:21.238627+00:00,24775,492.12,396.41,3,10758,493.78,335.95,4
2026-09-01T21:01:43.396128+00:00,24780,492.06,396.41,3,10763,493.78,335.95,4
2026-09-01T21:06:58.425477+00:00,24785,491.94,396.41,3,10768,493.61,335.95,4
2026-09-01T21:11:10.770545+00:00,24789,491.28,395.99,3,10772,493.34,335.95,4
2026-09-01T21:16:26.148098+00:00,24794,491.17,395.99,3,10777,493.24,335.95,4
2026-09-01T21:21:46.633100+00:00,24799,491.24,395.99,3,10782,493.31,335.95,4
2026-09-01T21:27:01.404184+00:00,24804,491.42,395.99,3,10787,493.5,335.95,4
2026-09-01T21:31:13.239248+00:00,24808,491.26,395.99,3,10791,493.35,335.95,4
2026-09-01T21:36:27.910690+00:00,24813,491.18,395.99,3,10796,493.25,335.95,4
2026-09-01T21:41:48.653152+00:00,24818,491.25,395.99,3,10801,493.32,335.95,4
2026-09-01T21:47:02.757950+00:00,24823,491.3,395.99,3,10806,493.38,335.95,4
2026-09-01T21:52:16.991843+00:00,24828,491.4,395.99,3,10811,493.48,335.95,4
2026-09-01T21:56:28.926472+00:00,24833,491.47,395.99,3,10815,493.58,335.95,4
2026-09-01T22:01:49.059642+00:00,24838,491.43,395.99,3,10820,493.54,335.95,4
2026-09-01T22:07:03.523261+00:00,24843,491.42,395.99,3,10825,493.5,335.95,4
2026-09-01T22:12:17.879072+00:00,24847,491.52,395.99,3,10830,493.61,335.95,4
2026-09-01T22:17:32.247438+00:00,24852,491.44,395.99,3,10835,493.51,335.95,4
2026-09-01T22:21:50.802036+00:00,24857,491.4,395.99,3,10839,493.48,335.95,4
2026-09-01T22:27:06.074301+00:00,24862,491.3,395.99,3,10844,493.37,335.95,4
2026-09-01T22:32:24.512368+00:00,24867,491.2,395.99,3,10849,493.3,335.95,4
2026-09-01T22:36:40.469972+00:00,24871,491.25,395.99,3,10853,493.32,335.95,4
2026-09-01T22:42:01.848365+00:00,24876,491.23,395.99,3,10858,493.3,335.95,4
2026-09-01T22:47:16.713239+00:00,24881,491.31,395.99,3,10863,493.44,335.95,4
2026-09-01T22:52:31.309021+00:00,24886,491.51,395.99,3,10868,493.59,335.95,4
2026-09-01T22:56:43.791790+00:00,24891,491.45,395.99,3,10872,493.53,335.95,4
2026-09-01T23:02:05.498546+00:00,24896,491.44,395.99,3,10877,493.52,335.95,4
2026-09-01T23:07:20.971004+00:00,24901,491.5,395.99,3,10882,493.59,335.95,4
2026-09-01T23:12:39.081685+00:00,24905,491.48,395.99,3,10887,493.57,335.95,4
2026-09-01T23:16:53.319287+00:00,24910,491.47,395.99,3,10891,493.54,335.95,4
2026-09-01T23:22:15.159466+00:00,24915,491.51,395.99,3,10896,493.6,335.95,4
2026-09-01T23:27:30.525205+00:00,24920,491.51,395.99,3,10901,493.59,335.95,4
2026-09-01T23:32:45.994725+00:00,24925,491.63,395.99,3,10906,493.72,335.95,4
2026-09-01T23:36:57.863567+00:00,24929,491.81,395.99,3,10910,493.91,335.95,4
2026-09-01T23:42:19.357200+00:00,24934,491.85,395.99,3,10915,493.95,335.95,4
2026-09-01T23:47:34.746582+00:00,24939,491.8,395.99,3,10920,493.9,335.95,4
2026-09-01T23:52:49.873534+00:00,24944,491.73,395.99,3,10925,493.83,335.95,4
2026-09-01T23:57:02.091242+00:00,24949,491.69,395.99,3,10929,493.8,335.95,4
2026-09-02T00:02:24.302045+00:00,24954,491.7,395.99,3,10934,493.8,335.95,4
2026-09-02T00:07:41.642429+00:00,24959,491.68,395.99,3,10939,493.78,335.95,4
2026-09-02T00:12:58.277131+00:00,24964,491.66,395.99,3,10944,493.75,335.95,4
2026-09-02T00:17:10.890248+00:00,24968,491.76,395.99,3,10948,493.86,335.95,4
2026-09-02T00:22:36.568617+00:00,24973,491.62,395.99,3,10953,493.71,335.95,4
2026-09-02T00:27:52.059569+00:00,24978,491.57,395.99,3,10958,493.65,335.95,4
2026-09-02T00:33:07.458108+00:00,24983,491.49,395.99,3,10963,493.57,335.95,4
2026-09-02T00:37:19.420360+00:00,24988,491.47,395.99,3,10967,493.56,335.95,4
2026-09-02T00:42:41.244726+00:00,24992,491.31,395.99,3,10972,493.39,335.95,4
2026-09-02T00:47:57.754564+00:00,24997,491.4,395.99,3,10977,493.48,335.95,4
2026-09-02T00:53:14.989741+00:00,25002,491.39,395.99,3,10982,493.46,335.95,4
2026-09-02T00:57:28.202791+00:00,25007,491.43,395.99,3,10986,493.52,335.95,4
2026-09-02T01:02:49.458195+00:00,25012,491.36,395.99,3,10991,493.44,335.95,4
2026-09-02T01:08:05.021769+00:00,25017,491.34,395.99,3,10996,493.41,335.95,4
2026-09-02T01:13:20.718696+00:00,25022,491.51,395.99,3,11001,493.6,335.95,4
2026-09-02T01:18:36.185127+00:00,25026,491.39,395.99,3,11006,493.59,335.95,4
2026-09-02T01:22:56.918847+00:00,25031,491.47,395.99,3,11010,493.55,335.95,4
2026-09-02T01:28:12.412489+00:00,25036,491.4,395.99,3,11015,493.47,335.95,4
2026-09-02T01:33:27.302840+00:00,25041,491.35,395.99,3,11020,493.42,335.95,4
2026-09-02T01:38:42.432924+00:00,25046,491.08,395.99,3,11025,493.14,335.95,4
2026-09-02T01:43:00.917001+00:00,25051,491.01,395.99,3,11029,493.07,335.95,4
2026-09-02T01:48:18.246473+00:00,25055,490.8,395.99,3,11034,492.8,335.95,4
2026-09-02T01:53:34.480002+00:00,25060,490.61,395.99,3,11039,492.72,335.95,4
2026-09-02T01:58:50.021095+00:00,25065,490.85,395.99,3,11044,492.94,335.95,4
2026-09-02T02:03:08.095321+00:00,25070,490.92,395.99,3,11048,493.03,335.95,4
