ts,ticker,series,fav_side,fav_price,price_bin,event_cluster_id,mid,ask_close,ask_low,quote,filled,fill_px,settle,pnl,d_mid,volume,lead_h,spread_at_fill
1787270400,KXAVGTATL-26AUG23-2,KXAVGTATL-26AUG2,no,0.925,0.90-0.95,KXAVGTATL-26AUG2,0.075,0.12,0.12,0.11,False,,0.0,,-0.015,0.0,75.98333333333333,0.09
1787274000,KXAVGTATL-26AUG23-2,KXAVGTATL-26AUG2,no,0.925,0.90-0.95,KXAVGTATL-26AUG2,0.06,0.11,0.11,0.1,False,,0.0,,-0.029999999999999995,0.0,74.98333333333333,0.1
1787277600,KXAVGTATL-26AUG23-2,KXAVGTATL-26AUG2,no,0.925,0.90-0.95,KXAVGTATL-26AUG2,0.030000000000000002,0.05,0.05,0.04,False,,0.0,,-0.015000000000000003,0.0,73.98333333333333,0.04
1787281200,KXAVGTATL-26AUG23-2,KXAVGTATL-26AUG2,no,0.925,0.90-0.95,KXAVGTATL-26AUG2,0.015,0.02,0.02,0.01,False,,0.0,,0.0,0.0,72.98333333333333,0.01
1787284800,KXAVGTATL-26AUG23-2,KXAVGTATL-26AUG2,no,0.925,0.90-0.95,KXAVGTATL-26AUG2,0.015,0.02,0.02,0.01,False,,0.0,,0.0,0.0,71.98333333333333,0.01
1787288400,KXAVGTATL-26AUG23-2,KXAVGTATL-26AUG2,no,0.925,0.90-0.95,KXAVGTATL-26AUG2,0.015,0.02,0.02,0.01,False,,0.0,,0.0,0.0,70.98333333333333,0.01
1787292000,KXAVGTATL-26AUG23-2,KXAVGTATL-26AUG2,no,0.925,0.90-0.95,KXAVGTATL-26AUG2,0.015,0.02,0.02,0.01,False,,0.0,,0.0,0.0,69.98333333333333,0.01
1787295600,KXAVGTATL-26AUG23-2,KXAVGTATL-26AUG2,no,0.925,0.90-0.95,KXAVGTATL-26AUG2,0.015,0.02,0.02,0.01,False,,0.0,,0.0,0.0,68.98333333333333,0.01
1787299200,KXAVGTATL-26AUG23-2,KXAVGTATL-26AUG2,no,0.925,0.90-0.95,KXAVGTATL-26AUG2,0.015,0.02,0.02,0.01,False,,0.0,,0.0,0.0,67.98333333333333,0.01
1787302800,KXAVGTATL-26AUG23-2,KXAVGTATL-26AUG2,no,0.925,0.90-0.95,KXAVGTATL-26AUG2,0.015,0.02,0.02,0.01,False,,0.0,,0.0,0.0,66.98333333333333,0.01
1787306400,KXAVGTATL-26AUG23-2,KXAVGTATL-26AUG2,no,0.925,0.90-0.95,KXAVGTATL-26AUG2,0.015,0.02,0.02,0.01,False,,0.0,,0.0,0.0,65.98333333333333,0.01
1787310000,KXAVGTATL-26AUG23-2,KXAVGTATL-26AUG2,no,0.925,0.90-0.95,KXAVGTATL-26AUG2,0.015,0.02,0.02,0.01,False,,0.0,,0.0,0.0,64.98333333333333,0.01
1787313600,KXAVGTATL-26AUG23-2,KXAVGTATL-26AUG2,no,0.925,0.90-0.95,KXAVGTATL-26AUG2,0.015,0.02,0.02,0.01,False,,0.0,,0.0,0.0,63.983333333333334,0.01
1787317200,KXAVGTATL-26AUG23-2,KXAVGTATL-26AUG2,no,0.925,0.90-0.95,KXAVGTATL-26AUG2,0.015,0.02,0.02,0.01,False,,0.0,,0.0,0.0,62.983333333333334,0.01
1787320800,KXAVGTATL-26AUG23-2,KXAVGTATL-26AUG2,no,0.925,0.90-0.95,KXAVGTATL-26AUG2,0.015,0.02,0.02,0.01,False,,0.0,,0.0,0.0,61.983333333333334,0.01
1787324400,KXAVGTATL-26AUG23-2,KXAVGTATL-26AUG2,no,0.925,0.90-0.95,KXAVGTATL-26AUG2,0.015,0.02,0.02,0.01,False,,0.0,,0.0,0.0,60.983333333333334,0.01
1787328000,KXAVGTATL-26AUG23-2,KXAVGTATL-26AUG2,no,0.925,0.90-0.95,KXAVGTATL-26AUG2,0.015,0.02,0.02,0.01,False,,0.0,,-0.004999999999999999,0.0,59.983333333333334,0.01
1787331600,KXAVGTATL-26AUG23-2,KXAVGTATL-26AUG2,no,0.925,0.90-0.95,KXAVGTATL-26AUG2,0.01,0.02,0.02,0.01,False,,0.0,,0.0,0.0,58.983333333333334,0.02
1787335200,KXAVGTATL-26AUG23-2,KXAVGTATL-26AUG2,no,0.925,0.90-0.95,KXAVGTATL-26AUG2,0.01,0.02,0.02,0.01,False,,0.0,,0.0,0.0,57.983333333333334,0.02
1787338800,KXAVGTATL-26AUG23-2,KXAVGTATL-26AUG2,no,0.925,0.90-0.95,KXAVGTATL-26AUG2,0.01,0.02,0.02,0.01,False,,0.0,,0.0,0.0,56.983333333333334,0.02
1787346000,KXAVGTATL-26AUG23-2,KXAVGTATL-26AUG2,no,0.925,0.90-0.95,KXAVGTATL-26AUG2,0.01,0.02,0.02,0.01,False,,0.0,,0.004999999999999999,0.0,54.983333333333334,0.02
1787364000,KXAVGTATL-26AUG23-2,KXAVGTATL-26AUG2,no,0.925,0.90-0.95,KXAVGTATL-26AUG2,0.015,0.02,0.02,0.01,False,,0.0,,-0.004999999999999999,0.0,49.983333333333334,0.01
1787367600,KXAVGTATL-26AUG23-2,KXAVGTATL-26AUG2,no,0.925,0.90-0.95,KXAVGTATL-26AUG2,0.01,0.02,0.02,0.01,False,,0.0,,0.0,0.0,48.983333333333334,0.02
1787374800,KXAVGTATL-26AUG23-2,KXAVGTATL-26AUG2,no,0.925,0.90-0.95,KXAVGTATL-26AUG2,0.01,0.02,0.02,0.01,False,,0.0,,-0.005,0.0,46.983333333333334,0.02
1787382000,KXAVGTATL-26AUG23-2,KXAVGTATL-26AUG2,no,0.925,0.90-0.95,KXAVGTATL-26AUG2,0.005,0.01,0.01,,False,,0.0,,0.009999999999999998,0.0,44.983333333333334,0.01
1787385600,KXAVGTATL-26AUG23-2,KXAVGTATL-26AUG2,no,0.925,0.90-0.95,KXAVGTATL-26AUG2,0.015,0.02,0.01,0.01,True,0.01,0.0,-0.01,0.0,0.0,43.983333333333334,0.01
1787389200,KXAVGTATL-26AUG23-2,KXAVGTATL-26AUG2,no,0.925,0.90-0.95,KXAVGTATL-26AUG2,0.015,0.02,0.02,0.01,False,,0.0,,-0.004999999999999999,0.0,42.983333333333334,0.01
1787403600,KXAVGTATL-26AUG23-2,KXAVGTATL-26AUG2,no,0.925,0.90-0.95,KXAVGTATL-26AUG2,0.01,0.02,0.02,0.01,False,,0.0,,0.0,0.0,38.983333333333334,0.02
1787418000,KXAVGTATL-26AUG23-2,KXAVGTATL-26AUG2,no,0.925,0.90-0.95,KXAVGTATL-26AUG2,0.01,0.02,0.02,0.01,False,,0.0,,0.0,0.0,34.983333333333334,0.02
1787421600,KXAVGTATL-26AUG23-2,KXAVGTATL-26AUG2,no,0.925,0.90-0.95,KXAVGTATL-26AUG2,0.01,0.02,0.02,0.01,False,,0.0,,0.004999999999999999,0.0,33.983333333333334,0.02
1787432400,KXAVGTATL-26AUG23-2,KXAVGTATL-26AUG2,no,0.925,0.90-0.95,KXAVGTATL-26AUG2,0.015,0.02,0.02,0.01,False,,0.0,,-0.004999999999999999,0.0,30.983333333333334,0.01
1787436000,KXAVGTATL-26AUG23-2,KXAVGTATL-26AUG2,no,0.925,0.90-0.95,KXAVGTATL-26AUG2,0.01,0.02,0.02,0.01,False,,0.0,,0.004999999999999999,0.0,29.983333333333334,0.02
1787508000,KXAVGTATL-26AUG23-2,KXAVGTATL-26AUG2,no,0.925,0.90-0.95,KXAVGTATL-26AUG2,0.015,0.02,0.02,0.01,False,,0.0,,0.0,0.0,9.983333333333333,0.01
1787515200,KXAVGTATL-26AUG23-2,KXAVGTATL-26AUG2,no,0.925,0.90-0.95,KXAVGTATL-26AUG2,0.015,0.02,0.02,0.01,False,,0.0,,0.0,0.0,7.983333333333333,0.01
1787522400,KXAVGTATL-26AUG23-2,KXAVGTATL-26AUG2,no,0.925,0.90-0.95,KXAVGTATL-26AUG2,0.015,0.02,0.02,0.01,False,,0.0,,0.0,0.0,5.983333333333333,0.01
1787526000,KXAVGTATL-26AUG23-2,KXAVGTATL-26AUG2,no,0.925,0.90-0.95,KXAVGTATL-26AUG2,0.015,0.02,0.02,0.01,False,,0.0,,-0.009999999999999998,0.0,4.983333333333333,0.01
1787533200,KXAVGTATL-26AUG23-2,KXAVGTATL-26AUG2,no,0.925,0.90-0.95,KXAVGTATL-26AUG2,0.005,0.01,0.01,,False,,0.0,,,0.0,2.9833333333333334,0.01
1787270400,KXAVGTATL-26AUG23-3,KXAVGTATL-26AUG2,no,0.985,0.95-0.99,KXAVGTATL-26AUG2,0.015,0.02,0.02,0.01,False,,0.0,,0.0,0.0,75.98333333333333,0.01
1787274000,KXAVGTATL-26AUG23-3,KXAVGTATL-26AUG2,no,0.985,0.95-0.99,KXAVGTATL-26AUG2,0.015,0.02,0.02,0.01,False,,0.0,,0.0,0.0,74.98333333333333,0.01
1787277600,KXAVGTATL-26AUG23-3,KXAVGTATL-26AUG2,no,0.985,0.95-0.99,KXAVGTATL-26AUG2,0.015,0.02,0.02,0.01,False,,0.0,,0.0,0.0,73.98333333333333,0.01
1787281200,KXAVGTATL-26AUG23-3,KXAVGTATL-26AUG2,no,0.985,0.95-0.99,KXAVGTATL-26AUG2,0.015,0.02,0.02,0.01,False,,0.0,,0.0,0.0,72.98333333333333,0.01
1787284800,KXAVGTATL-26AUG23-3,KXAVGTATL-26AUG2,no,0.985,0.95-0.99,KXAVGTATL-26AUG2,0.015,0.02,0.02,0.01,False,,0.0,,0.0,0.0,71.98333333333333,0.01
1787288400,KXAVGTATL-26AUG23-3,KXAVGTATL-26AUG2,no,0.985,0.95-0.99,KXAVGTATL-26AUG2,0.015,0.02,0.02,0.01,False,,0.0,,0.0,0.0,70.98333333333333,0.01
1787292000,KXAVGTATL-26AUG23-3,KXAVGTATL-26AUG2,no,0.985,0.95-0.99,KXAVGTATL-26AUG2,0.015,0.02,0.02,0.01,False,,0.0,,0.0,0.0,69.98333333333333,0.01
1787295600,KXAVGTATL-26AUG23-3,KXAVGTATL-26AUG2,no,0.985,0.95-0.99,KXAVGTATL-26AUG2,0.015,0.02,0.02,0.01,False,,0.0,,0.0,0.0,68.98333333333333,0.01
1787299200,KXAVGTATL-26AUG23-3,KXAVGTATL-26AUG2,no,0.985,0.95-0.99,KXAVGTATL-26AUG2,0.015,0.02,0.02,0.01,False,,0.0,,0.0,0.0,67.98333333333333,0.01
1787302800,KXAVGTATL-26AUG23-3,KXAVGTATL-26AUG2,no,0.985,0.95-0.99,KXAVGTATL-26AUG2,0.015,0.02,0.02,0.01,False,,0.0,,0.0,0.0,66.98333333333333,0.01
1787306400,KXAVGTATL-26AUG23-3,KXAVGTATL-26AUG2,no,0.985,0.95-0.99,KXAVGTATL-26AUG2,0.015,0.02,0.02,0.01,False,,0.0,,0.0,0.0,65.98333333333333,0.01
1787310000,KXAVGTATL-26AUG23-3,KXAVGTATL-26AUG2,no,0.985,0.95-0.99,KXAVGTATL-26AUG2,0.015,0.02,0.02,0.01,False,,0.0,,0.0,0.0,64.98333333333333,0.01
1787313600,KXAVGTATL-26AUG23-3,KXAVGTATL-26AUG2,no,0.985,0.95-0.99,KXAVGTATL-26AUG2,0.015,0.02,0.02,0.01,False,,0.0,,0.0,0.0,63.983333333333334,0.01
1787317200,KXAVGTATL-26AUG23-3,KXAVGTATL-26AUG2,no,0.985,0.95-0.99,KXAVGTATL-26AUG2,0.015,0.02,0.02,0.01,False,,0.0,,0.0,0.0,62.983333333333334,0.01
1787320800,KXAVGTATL-26AUG23-3,KXAVGTATL-26AUG2,no,0.985,0.95-0.99,KXAVGTATL-26AUG2,0.015,0.02,0.02,0.01,False,,0.0,,0.0,0.0,61.983333333333334,0.01
1787324400,KXAVGTATL-26AUG23-3,KXAVGTATL-26AUG2,no,0.985,0.95-0.99,KXAVGTATL-26AUG2,0.015,0.02,0.02,0.01,False,,0.0,,0.0,0.0,60.983333333333334,0.01
1787328000,KXAVGTATL-26AUG23-3,KXAVGTATL-26AUG2,no,0.985,0.95-0.99,KXAVGTATL-26AUG2,0.015,0.02,0.02,0.01,False,,0.0,,-0.009999999999999998,0.0,59.983333333333334,0.01
1787331600,KXAVGTATL-26AUG23-3,KXAVGTATL-26AUG2,no,0.985,0.95-0.99,KXAVGTATL-26AUG2,0.005,0.01,0.01,,False,,0.0,,0.0,0.0,58.983333333333334,0.01
1787338800,KXAVGTATL-26AUG23-3,KXAVGTATL-26AUG2,no,0.985,0.95-0.99,KXAVGTATL-26AUG2,0.005,0.01,0.01,,False,,0.0,,0.0,0.0,56.983333333333334,0.01
1787342400,KXAVGTATL-26AUG23-3,KXAVGTATL-26AUG2,no,0.985,0.95-0.99,KXAVGTATL-26AUG2,0.005,0.01,0.01,,False,,0.0,,0.0,0.0,55.983333333333334,0.01
1787346000,KXAVGTATL-26AUG23-3,KXAVGTATL-26AUG2,no,0.985,0.95-0.99,KXAVGTATL-26AUG2,0.005,0.01,0.01,,False,,0.0,,0.0,0.0,54.983333333333334,0.01
1787353200,KXAVGTATL-26AUG23-3,KXAVGTATL-26AUG2,no,0.985,0.95-0.99,KXAVGTATL-26AUG2,0.005,0.01,0.01,,False,,0.0,,0.0,0.0,52.983333333333334,0.01
1787374800,KXAVGTATL-26AUG23-3,KXAVGTATL-26AUG2,no,0.985,0.95-0.99,KXAVGTATL-26AUG2,0.005,0.01,0.01,,False,,0.0,,0.0,0.0,46.983333333333334,0.01
1787508000,KXAVGTATL-26AUG23-3,KXAVGTATL-26AUG2,no,0.985,0.95-0.99,KXAVGTATL-26AUG2,0.005,0.01,0.01,,False,,0.0,,0.0,0.0,9.983333333333333,0.01
1787518800,KXAVGTATL-26AUG23-3,KXAVGTATL-26AUG2,no,0.985,0.95-0.99,KXAVGTATL-26AUG2,0.005,0.01,0.01,,False,,0.0,,,0.0,6.983333333333333,0.01
1787270400,KXAVGTATL-26AUG23-4,KXAVGTATL-26AUG2,no,0.985,0.95-0.99,KXAVGTATL-26AUG2,0.015,0.02,0.02,0.01,False,,0.0,,0.0,0.0,75.98333333333333,0.01
1787274000,KXAVGTATL-26AUG23-4,KXAVGTATL-26AUG2,no,0.985,0.95-0.99,KXAVGTATL-26AUG2,0.015,0.02,0.02,0.01,False,,0.0,,0.0,0.0,74.98333333333333,0.01
1787277600,KXAVGTATL-26AUG23-4,KXAVGTATL-26AUG2,no,0.985,0.95-0.99,KXAVGTATL-26AUG2,0.015,0.02,0.02,0.01,False,,0.0,,0.0,0.0,73.98333333333333,0.01
1787281200,KXAVGTATL-26AUG23-4,KXAVGTATL-26AUG2,no,0.985,0.95-0.99,KXAVGTATL-26AUG2,0.015,0.02,0.02,0.01,False,,0.0,,0.0,0.0,72.98333333333333,0.01
1787284800,KXAVGTATL-26AUG23-4,KXAVGTATL-26AUG2,no,0.985,0.95-0.99,KXAVGTATL-26AUG2,0.015,0.02,0.02,0.01,False,,0.0,,0.0,0.0,71.98333333333333,0.01
1787288400,KXAVGTATL-26AUG23-4,KXAVGTATL-26AUG2,no,0.985,0.95-0.99,KXAVGTATL-26AUG2,0.015,0.02,0.02,0.01,False,,0.0,,0.0,0.0,70.98333333333333,0.01
1787292000,KXAVGTATL-26AUG23-4,KXAVGTATL-26AUG2,no,0.985,0.95-0.99,KXAVGTATL-26AUG2,0.015,0.02,0.02,0.01,False,,0.0,,-0.004999999999999999,0.0,69.98333333333333,0.01
1787295600,KXAVGTATL-26AUG23-4,KXAVGTATL-26AUG2,no,0.985,0.95-0.99,KXAVGTATL-26AUG2,0.01,0.02,0.02,0.01,False,,0.0,,0.0,0.0,68.98333333333333,0.02
1787299200,KXAVGTATL-26AUG23-4,KXAVGTATL-26AUG2,no,0.985,0.95-0.99,KXAVGTATL-26AUG2,0.01,0.02,0.02,0.01,False,,0.0,,0.0,0.0,67.98333333333333,0.02
1787310000,KXAVGTATL-26AUG23-4,KXAVGTATL-26AUG2,no,0.985,0.95-0.99,KXAVGTATL-26AUG2,0.01,0.02,0.02,0.01,False,,0.0,,0.0,0.0,64.98333333333333,0.02
1787313600,KXAVGTATL-26AUG23-4,KXAVGTATL-26AUG2,no,0.985,0.95-0.99,KXAVGTATL-26AUG2,0.01,0.02,0.02,0.01,False,,0.0,,0.0,0.0,63.983333333333334,0.02
1787317200,KXAVGTATL-26AUG23-4,KXAVGTATL-26AUG2,no,0.985,0.95-0.99,KXAVGTATL-26AUG2,0.01,0.02,0.02,0.01,False,,0.0,,0.0,0.0,62.983333333333334,0.02
1787324400,KXAVGTATL-26AUG23-4,KXAVGTATL-26AUG2,no,0.985,0.95-0.99,KXAVGTATL-26AUG2,0.01,0.02,0.02,0.01,False,,0.0,,0.0,0.0,60.983333333333334,0.02
1787328000,KXAVGTATL-26AUG23-4,KXAVGTATL-26AUG2,no,0.985,0.95-0.99,KXAVGTATL-26AUG2,0.01,0.02,0.02,0.01,False,,0.0,,-0.005,0.0,59.983333333333334,0.02
1787331600,KXAVGTATL-26AUG23-4,KXAVGTATL-26AUG2,no,0.985,0.95-0.99,KXAVGTATL-26AUG2,0.005,0.01,0.01,,False,,0.0,,0.0,0.0,58.983333333333334,0.01
1787335200,KXAVGTATL-26AUG23-4,KXAVGTATL-26AUG2,no,0.985,0.95-0.99,KXAVGTATL-26AUG2,0.005,0.01,0.01,,False,,0.0,,0.0,0.0,57.983333333333334,0.01
1787364000,KXAVGTATL-26AUG23-4,KXAVGTATL-26AUG2,no,0.985,0.95-0.99,KXAVGTATL-26AUG2,0.005,0.01,0.01,,False,,0.0,,0.0,0.0,49.983333333333334,0.01
1787367600,KXAVGTATL-26AUG23-4,KXAVGTATL-26AUG2,no,0.985,0.95-0.99,KXAVGTATL-26AUG2,0.005,0.01,0.01,,False,,0.0,,0.0,0.0,48.983333333333334,0.01
1787374800,KXAVGTATL-26AUG23-4,KXAVGTATL-26AUG2,no,0.985,0.95-0.99,KXAVGTATL-26AUG2,0.005,0.01,0.01,,False,,0.0,,0.0,0.0,46.983333333333334,0.01
1787432400,KXAVGTATL-26AUG23-4,KXAVGTATL-26AUG2,no,0.985,0.95-0.99,KXAVGTATL-26AUG2,0.005,0.01,0.01,,False,,0.0,,0.0,0.0,30.983333333333334,0.01
1787461200,KXAVGTATL-26AUG23-4,KXAVGTATL-26AUG2,no,0.985,0.95-0.99,KXAVGTATL-26AUG2,0.005,0.01,0.01,,False,,0.0,,0.0,0.0,22.983333333333334,0.01
1787482800,KXAVGTATL-26AUG23-4,KXAVGTATL-26AUG2,no,0.985,0.95-0.99,KXAVGTATL-26AUG2,0.005,0.01,0.01,,False,,0.0,,0.0,0.0,16.983333333333334,0.01
1787504400,KXAVGTATL-26AUG23-4,KXAVGTATL-26AUG2,no,0.985,0.95-0.99,KXAVGTATL-26AUG2,0.005,0.01,0.01,,False,,0.0,,0.0,0.0,10.983333333333333,0.01
1787508000,KXAVGTATL-26AUG23-4,KXAVGTATL-26AUG2,no,0.985,0.95-0.99,KXAVGTATL-26AUG2,0.005,0.01,0.01,,False,,0.0,,0.0,0.0,9.983333333333333,0.01
1787518800,KXAVGTATL-26AUG23-4,KXAVGTATL-26AUG2,no,0.985,0.95-0.99,KXAVGTATL-26AUG2,0.005,0.01,0.01,,False,,0.0,,0.0,0.0,6.983333333333333,0.01
1787526000,KXAVGTATL-26AUG23-4,KXAVGTATL-26AUG2,no,0.985,0.95-0.99,KXAVGTATL-26AUG2,0.005,0.01,0.01,,False,,0.0,,0.0,0.0,4.983333333333333,0.01
1787529600,KXAVGTATL-26AUG23-4,KXAVGTATL-26AUG2,no,0.985,0.95-0.99,KXAVGTATL-26AUG2,0.005,0.01,0.01,,False,,0.0,,,0.0,3.9833333333333334,0.01
1787266800,KXAVGTATL-26AUG23-5,KXAVGTATL-26AUG2,no,0.985,0.95-0.99,KXAVGTATL-26AUG2,0.015,0.02,0.02,0.01,False,,0.0,,0.0,0.0,76.98333333333333,0.01
1787270400,KXAVGTATL-26AUG23-5,KXAVGTATL-26AUG2,no,0.985,0.95-0.99,KXAVGTATL-26AUG2,0.015,0.02,0.02,0.01,False,,0.0,,0.0,0.0,75.98333333333333,0.01
1787274000,KXAVGTATL-26AUG23-5,KXAVGTATL-26AUG2,no,0.985,0.95-0.99,KXAVGTATL-26AUG2,0.015,0.02,0.02,0.01,False,,0.0,,0.0,0.0,74.98333333333333,0.01
1787277600,KXAVGTATL-26AUG23-5,KXAVGTATL-26AUG2,no,0.985,0.95-0.99,KXAVGTATL-26AUG2,0.015,0.02,0.02,0.01,False,,0.0,,0.0,0.0,73.98333333333333,0.01
1787281200,KXAVGTATL-26AUG23-5,KXAVGTATL-26AUG2,no,0.985,0.95-0.99,KXAVGTATL-26AUG2,0.015,0.02,0.02,0.01,False,,0.0,,0.0,0.0,72.98333333333333,0.01
1787284800,KXAVGTATL-26AUG23-5,KXAVGTATL-26AUG2,no,0.985,0.95-0.99,KXAVGTATL-26AUG2,0.015,0.02,0.02,0.01,False,,0.0,,0.0,0.0,71.98333333333333,0.01
1787288400,KXAVGTATL-26AUG23-5,KXAVGTATL-26AUG2,no,0.985,0.95-0.99,KXAVGTATL-26AUG2,0.015,0.02,0.02,0.01,False,,0.0,,0.0,0.0,70.98333333333333,0.01
1787292000,KXAVGTATL-26AUG23-5,KXAVGTATL-26AUG2,no,0.985,0.95-0.99,KXAVGTATL-26AUG2,0.015,0.02,0.02,0.01,False,,0.0,,-0.009999999999999998,0.0,69.98333333333333,0.01
1787295600,KXAVGTATL-26AUG23-5,KXAVGTATL-26AUG2,no,0.985,0.95-0.99,KXAVGTATL-26AUG2,0.005,0.01,0.01,,False,,0.0,,0.0,0.0,68.98333333333333,0.01
1787299200,KXAVGTATL-26AUG23-5,KXAVGTATL-26AUG2,no,0.985,0.95-0.99,KXAVGTATL-26AUG2,0.005,0.01,0.01,,False,,0.0,,0.0,0.0,67.98333333333333,0.01
1787302800,KXAVGTATL-26AUG23-5,KXAVGTATL-26AUG2,no,0.985,0.95-0.99,KXAVGTATL-26AUG2,0.005,0.01,0.01,,False,,0.0,,0.0,0.0,66.98333333333333,0.01
1787310000,KXAVGTATL-26AUG23-5,KXAVGTATL-26AUG2,no,0.985,0.95-0.99,KXAVGTATL-26AUG2,0.005,0.01,0.01,,False,,0.0,,0.0,0.0,64.98333333333333,0.01
1787313600,KXAVGTATL-26AUG23-5,KXAVGTATL-26AUG2,no,0.985,0.95-0.99,KXAVGTATL-26AUG2,0.005,0.01,0.01,,False,,0.0,,0.0,0.0,63.983333333333334,0.01
1787317200,KXAVGTATL-26AUG23-5,KXAVGTATL-26AUG2,no,0.985,0.95-0.99,KXAVGTATL-26AUG2,0.005,0.01,0.01,,False,,0.0,,0.0,0.0,62.983333333333334,0.01
1787324400,KXAVGTATL-26AUG23-5,KXAVGTATL-26AUG2,no,0.985,0.95-0.99,KXAVGTATL-26AUG2,0.005,0.01,0.01,,False,,0.0,,0.0,0.0,60.983333333333334,0.01
1787328000,KXAVGTATL-26AUG23-5,KXAVGTATL-26AUG2,no,0.985,0.95-0.99,KXAVGTATL-26AUG2,0.005,0.01,0.01,,False,,0.0,,0.0,0.0,59.983333333333334,0.01
1787331600,KXAVGTATL-26AUG23-5,KXAVGTATL-26AUG2,no,0.985,0.95-0.99,KXAVGTATL-26AUG2,0.005,0.01,0.01,,False,,0.0,,0.0,0.0,58.983333333333334,0.01
1787335200,KXAVGTATL-26AUG23-5,KXAVGTATL-26AUG2,no,0.985,0.95-0.99,KXAVGTATL-26AUG2,0.005,0.01,0.01,,False,,0.0,,0.0,0.0,57.983333333333334,0.01
1787338800,KXAVGTATL-26AUG23-5,KXAVGTATL-26AUG2,no,0.985,0.95-0.99,KXAVGTATL-26AUG2,0.005,0.01,0.01,,False,,0.0,,0.0,0.0,56.983333333333334,0.01
1787342400,KXAVGTATL-26AUG23-5,KXAVGTATL-26AUG2,no,0.985,0.95-0.99,KXAVGTATL-26AUG2,0.005,0.01,0.01,,False,,0.0,,0.0,0.0,55.983333333333334,0.01
1787346000,KXAVGTATL-26AUG23-5,KXAVGTATL-26AUG2,no,0.985,0.95-0.99,KXAVGTATL-26AUG2,0.005,0.01,0.01,,False,,0.0,,0.0,0.0,54.983333333333334,0.01
1787364000,KXAVGTATL-26AUG23-5,KXAVGTATL-26AUG2,no,0.985,0.95-0.99,KXAVGTATL-26AUG2,0.005,0.01,0.01,,False,,0.0,,0.0,0.0,49.983333333333334,0.01
1787367600,KXAVGTATL-26AUG23-5,KXAVGTATL-26AUG2,no,0.985,0.95-0.99,KXAVGTATL-26AUG2,0.005,0.01,0.01,,False,,0.0,,0.0,0.0,48.983333333333334,0.01
1787432400,KXAVGTATL-26AUG23-5,KXAVGTATL-26AUG2,no,0.985,0.95-0.99,KXAVGTATL-26AUG2,0.005,0.01,0.01,,False,,0.0,,0.0,0.0,30.983333333333334,0.01
1787436000,KXAVGTATL-26AUG23-5,KXAVGTATL-26AUG2,no,0.985,0.95-0.99,KXAVGTATL-26AUG2,0.005,0.01,0.01,,False,,0.0,,0.0,0.0,29.983333333333334,0.01
1787461200,KXAVGTATL-26AUG23-5,KXAVGTATL-26AUG2,no,0.985,0.95-0.99,KXAVGTATL-26AUG2,0.005,0.01,0.01,,False,,0.0,,0.0,0.0,22.983333333333334,0.01
1787482800,KXAVGTATL-26AUG23-5,KXAVGTATL-26AUG2,no,0.985,0.95-0.99,KXAVGTATL-26AUG2,0.005,0.01,0.01,,False,,0.0,,0.0,0.0,16.983333333333334,0.01
1787504400,KXAVGTATL-26AUG23-5,KXAVGTATL-26AUG2,no,0.985,0.95-0.99,KXAVGTATL-26AUG2,0.005,0.01,0.01,,False,,0.0,,0.0,0.0,10.983333333333333,0.01
1787508000,KXAVGTATL-26AUG23-5,KXAVGTATL-26AUG2,no,0.985,0.95-0.99,KXAVGTATL-26AUG2,0.005,0.01,0.01,,False,,0.0,,0.0,0.0,9.983333333333333,0.01
1787518800,KXAVGTATL-26AUG23-5,KXAVGTATL-26AUG2,no,0.985,0.95-0.99,KXAVGTATL-26AUG2,0.005,0.01,0.01,,False,,0.0,,0.0,0.0,6.983333333333333,0.01
1787526000,KXAVGTATL-26AUG23-5,KXAVGTATL-26AUG2,no,0.985,0.95-0.99,KXAVGTATL-26AUG2,0.005,0.01,0.01,,False,,0.0,,,0.0,4.983333333333333,0.01
1787266800,KXAVGTATL-26AUG23-6,KXAVGTATL-26AUG2,no,0.99,0.95-0.99,KXAVGTATL-26AUG2,0.01,0.02,0.02,0.01,False,,0.0,,0.0,0.0,76.98333333333333,0.02
1787270400,KXAVGTATL-26AUG23-6,KXAVGTATL-26AUG2,no,0.99,0.95-0.99,KXAVGTATL-26AUG2,0.01,0.02,0.02,0.01,False,,0.0,,0.0,0.0,75.98333333333333,0.02
1787274000,KXAVGTATL-26AUG23-6,KXAVGTATL-26AUG2,no,0.99,0.95-0.99,KXAVGTATL-26AUG2,0.01,0.02,0.02,0.01,False,,0.0,,0.0,0.0,74.98333333333333,0.02
1787277600,KXAVGTATL-26AUG23-6,KXAVGTATL-26AUG2,no,0.99,0.95-0.99,KXAVGTATL-26AUG2,0.01,0.02,0.02,0.01,False,,0.0,,-0.005,0.0,73.98333333333333,0.02
1787284800,KXAVGTATL-26AUG23-6,KXAVGTATL-26AUG2,no,0.99,0.95-0.99,KXAVGTATL-26AUG2,0.005,0.01,0.01,,False,,0.0,,0.0,0.0,71.98333333333333,0.01
1787288400,KXAVGTATL-26AUG23-6,KXAVGTATL-26AUG2,no,0.99,0.95-0.99,KXAVGTATL-26AUG2,0.005,0.01,0.01,,False,,0.0,,0.0,0.0,70.98333333333333,0.01
1787295600,KXAVGTATL-26AUG23-6,KXAVGTATL-26AUG2,no,0.99,0.95-0.99,KXAVGTATL-26AUG2,0.005,0.01,0.01,,False,,0.0,,0.0,0.0,68.98333333333333,0.01
1787310000,KXAVGTATL-26AUG23-6,KXAVGTATL-26AUG2,no,0.99,0.95-0.99,KXAVGTATL-26AUG2,0.005,0.01,0.01,,False,,0.0,,0.0,0.0,64.98333333333333,0.01
1787331600,KXAVGTATL-26AUG23-6,KXAVGTATL-26AUG2,no,0.99,0.95-0.99,KXAVGTATL-26AUG2,0.005,0.01,0.01,,False,,0.0,,0.0,0.0,58.983333333333334,0.01
1787335200,KXAVGTATL-26AUG23-6,KXAVGTATL-26AUG2,no,0.99,0.95-0.99,KXAVGTATL-26AUG2,0.005,0.01,0.01,,False,,0.0,,0.0,0.0,57.983333333333334,0.01
1787508000,KXAVGTATL-26AUG23-6,KXAVGTATL-26AUG2,no,0.99,0.95-0.99,KXAVGTATL-26AUG2,0.005,0.01,0.01,,False,,0.0,,0.0,0.0,9.983333333333333,0.01
1787518800,KXAVGTATL-26AUG23-6,KXAVGTATL-26AUG2,no,0.99,0.95-0.99,KXAVGTATL-26AUG2,0.005,0.01,0.01,,False,,0.0,,,0.0,6.983333333333333,0.01
1786744800,KXCCAPRICEICE-26AUG48,KXCCAPRICEICE-26,no,0.735,other,KXCCAPRICEICE-26,0.265,0.31,0.31,0.3,False,,0.0,,0.0,0.0,118.0,0.09
1786748400,KXCCAPRICEICE-26AUG48,KXCCAPRICEICE-26,no,0.735,other,KXCCAPRICEICE-26,0.265,0.31,0.31,0.3,False,,0.0,,0.0,0.0,117.0,0.09
1786752000,KXCCAPRICEICE-26AUG48,KXCCAPRICEICE-26,no,0.735,other,KXCCAPRICEICE-26,0.265,0.31,0.31,0.3,False,,0.0,,0.0,0.0,116.0,0.09
1786755600,KXCCAPRICEICE-26AUG48,KXCCAPRICEICE-26,no,0.735,other,KXCCAPRICEICE-26,0.265,0.3,0.3,0.29,False,,0.0,,0.0,0.0,115.0,0.06999999999999998
1786762800,KXCCAPRICEICE-26AUG48,KXCCAPRICEICE-26,no,0.735,other,KXCCAPRICEICE-26,0.265,0.3,0.3,0.29,False,,0.0,,0.0,0.0,113.0,0.06999999999999998
1786766400,KXCCAPRICEICE-26AUG48,KXCCAPRICEICE-26,no,0.735,other,KXCCAPRICEICE-26,0.265,0.3,0.3,0.29,False,,0.0,,0.0,0.0,112.0,0.06999999999999998
1786770000,KXCCAPRICEICE-26AUG48,KXCCAPRICEICE-26,no,0.735,other,KXCCAPRICEICE-26,0.265,0.3,0.3,0.29,False,,0.0,,0.0,0.0,111.0,0.06999999999999998
1786777200,KXCCAPRICEICE-26AUG48,KXCCAPRICEICE-26,no,0.735,other,KXCCAPRICEICE-26,0.265,0.3,0.3,0.29,False,,0.0,,0.0,0.0,109.0,0.06999999999999998
1786780800,KXCCAPRICEICE-26AUG48,KXCCAPRICEICE-26,no,0.735,other,KXCCAPRICEICE-26,0.265,0.3,0.3,0.29,False,,0.0,,0.0,0.0,108.0,0.06999999999999998
1786788000,KXCCAPRICEICE-26AUG48,KXCCAPRICEICE-26,no,0.735,other,KXCCAPRICEICE-26,0.265,0.3,0.3,0.29,False,,0.0,,0.0,0.0,106.0,0.06999999999999998
1786802400,KXCCAPRICEICE-26AUG48,KXCCAPRICEICE-26,no,0.735,other,KXCCAPRICEICE-26,0.265,0.3,0.3,0.29,False,,0.0,,0.0,0.0,102.0,0.06999999999999998
1786806000,KXCCAPRICEICE-26AUG48,KXCCAPRICEICE-26,no,0.735,other,KXCCAPRICEICE-26,0.265,0.3,0.3,0.29,False,,0.0,,0.0,0.0,101.0,0.06999999999999998
1786809600,KXCCAPRICEICE-26AUG48,KXCCAPRICEICE-26,no,0.735,other,KXCCAPRICEICE-26,0.265,0.3,0.3,0.29,False,,0.0,,0.0,0.0,100.0,0.06999999999999998
1786813200,KXCCAPRICEICE-26AUG48,KXCCAPRICEICE-26,no,0.735,other,KXCCAPRICEICE-26,0.265,0.3,0.3,0.29,False,,0.0,,0.0,0.0,99.0,0.06999999999999998
1786816800,KXCCAPRICEICE-26AUG48,KXCCAPRICEICE-26,no,0.735,other,KXCCAPRICEICE-26,0.265,0.3,0.3,0.29,False,,0.0,,0.0,0.0,98.0,0.06999999999999998
1786820400,KXCCAPRICEICE-26AUG48,KXCCAPRICEICE-26,no,0.735,other,KXCCAPRICEICE-26,0.265,0.3,0.3,0.29,False,,0.0,,0.0050000000000000044,0.0,97.0,0.06999999999999998
1786824000,KXCCAPRICEICE-26AUG48,KXCCAPRICEICE-26,no,0.735,other,KXCCAPRICEICE-26,0.27,0.31,0.3,0.3,True,0.3,0.0,-0.3,0.0,0.0,96.0,0.07999999999999999
1786827600,KXCCAPRICEICE-26AUG48,KXCCAPRICEICE-26,no,0.735,other,KXCCAPRICEICE-26,0.27,0.31,0.31,0.3,False,,0.0,,0.0,0.0,95.0,0.07999999999999999
1786842000,KXCCAPRICEICE-26AUG48,KXCCAPRICEICE-26,no,0.735,other,KXCCAPRICEICE-26,0.27,0.31,0.31,0.3,False,,0.0,,0.0,0.0,91.0,0.07999999999999999
1786845600,KXCCAPRICEICE-26AUG48,KXCCAPRICEICE-26,no,0.735,other,KXCCAPRICEICE-26,0.27,0.31,0.31,0.3,False,,0.0,,0.0,0.0,90.0,0.07999999999999999
1786852800,KXCCAPRICEICE-26AUG48,KXCCAPRICEICE-26,no,0.735,other,KXCCAPRICEICE-26,0.27,0.31,0.31,0.3,False,,0.0,,0.0,0.0,88.0,0.07999999999999999
1786856400,KXCCAPRICEICE-26AUG48,KXCCAPRICEICE-26,no,0.735,other,KXCCAPRICEICE-26,0.27,0.31,0.31,0.3,False,,0.0,,-0.0050000000000000044,0.0,87.0,0.07999999999999999
1786874400,KXCCAPRICEICE-26AUG48,KXCCAPRICEICE-26,no,0.735,other,KXCCAPRICEICE-26,0.265,0.31,0.31,0.3,False,,0.0,,0.355,0.0,82.0,0.09
1786989600,KXCCAPRICEICE-26AUG48,KXCCAPRICEICE-26,no,0.735,other,KXCCAPRICEICE-26,0.62,0.99,0.31,0.98,True,0.98,0.0,-0.98,0.0,0.0,50.0,0.74
1786993200,KXCCAPRICEICE-26AUG48,KXCCAPRICEICE-26,no,0.735,other,KXCCAPRICEICE-26,0.62,0.99,0.99,0.98,False,,0.0,,-0.21999999999999997,0.0,49.0,0.74
1786996800,KXCCAPRICEICE-26AUG48,KXCCAPRICEICE-26,no,0.735,other,KXCCAPRICEICE-26,0.4,0.8,0.8,0.79,False,,0.0,,-0.07500000000000001,0.0,48.0,0.8
1787007600,KXCCAPRICEICE-26AUG48,KXCCAPRICEICE-26,no,0.735,other,KXCCAPRICEICE-26,0.325,0.37,0.37,0.36,False,,0.0,,0.004999999999999949,0.0,45.0,0.08999999999999997
1787072400,KXCCAPRICEICE-26AUG48,KXCCAPRICEICE-26,no,0.735,other,KXCCAPRICEICE-26,0.32999999999999996,0.37,0.37,0.36,False,,0.0,,-0.02999999999999997,0.0,27.0,0.08000000000000002
1787086800,KXCCAPRICEICE-26AUG48,KXCCAPRICEICE-26,no,0.735,other,KXCCAPRICEICE-26,0.3,0.49,0.2,0.48,True,0.48,0.0,-0.48,0.0,0.0,23.0,0.38
1787090400,KXCCAPRICEICE-26AUG48,KXCCAPRICEICE-26,no,0.735,other,KXCCAPRICEICE-26,0.3,0.49,0.49,0.48,False,,0.0,,0.0,0.0,22.0,0.38
1787094000,KXCCAPRICEICE-26AUG48,KXCCAPRICEICE-26,no,0.735,other,KXCCAPRICEICE-26,0.3,0.49,0.49,0.48,False,,0.0,,0.0,0.0,21.0,0.38
1787097600,KXCCAPRICEICE-26AUG48,KXCCAPRICEICE-26,no,0.735,other,KXCCAPRICEICE-26,0.3,0.49,0.49,0.48,False,,0.0,,0.0,0.0,20.0,0.38
1787112000,KXCCAPRICEICE-26AUG48,KXCCAPRICEICE-26,no,0.735,other,KXCCAPRICEICE-26,0.3,0.49,0.49,0.48,False,,0.0,,0.0,0.0,16.0,0.38
1787115600,KXCCAPRICEICE-26AUG48,KXCCAPRICEICE-26,no,0.735,other,KXCCAPRICEICE-26,0.3,0.49,0.49,0.48,False,,0.0,,0.0,0.0,15.0,0.38
1787119200,KXCCAPRICEICE-26AUG48,KXCCAPRICEICE-26,no,0.735,other,KXCCAPRICEICE-26,0.3,0.49,0.49,0.48,False,,0.0,,0.0,0.0,14.0,0.38
1787122800,KXCCAPRICEICE-26AUG48,KXCCAPRICEICE-26,no,0.735,other,KXCCAPRICEICE-26,0.3,0.49,0.49,0.48,False,,0.0,,0.0,0.0,13.0,0.38
1787126400,KXCCAPRICEICE-26AUG48,KXCCAPRICEICE-26,no,0.735,other,KXCCAPRICEICE-26,0.3,0.49,0.49,0.48,False,,0.0,,0.0,0.0,12.0,0.38
1787130000,KXCCAPRICEICE-26AUG48,KXCCAPRICEICE-26,no,0.735,other,KXCCAPRICEICE-26,0.3,0.49,0.49,0.48,False,,0.0,,0.0,0.0,11.0,0.38
1787133600,KXCCAPRICEICE-26AUG48,KXCCAPRICEICE-26,no,0.735,other,KXCCAPRICEICE-26,0.3,0.49,0.49,0.48,False,,0.0,,0.0,0.0,10.0,0.38
1787137200,KXCCAPRICEICE-26AUG48,KXCCAPRICEICE-26,no,0.735,other,KXCCAPRICEICE-26,0.3,0.49,0.49,0.48,False,,0.0,,0.0,0.0,9.0,0.38
1787140800,KXCCAPRICEICE-26AUG48,KXCCAPRICEICE-26,no,0.735,other,KXCCAPRICEICE-26,0.3,0.49,0.49,0.48,False,,0.0,,0.0,0.0,8.0,0.38
1787144400,KXCCAPRICEICE-26AUG48,KXCCAPRICEICE-26,no,0.735,other,KXCCAPRICEICE-26,0.3,0.49,0.49,0.48,False,,0.0,,0.0,0.0,7.0,0.38
1787148000,KXCCAPRICEICE-26AUG48,KXCCAPRICEICE-26,no,0.735,other,KXCCAPRICEICE-26,0.3,0.49,0.49,0.48,False,,0.0,,0.0,0.0,6.0,0.38
1787151600,KXCCAPRICEICE-26AUG48,KXCCAPRICEICE-26,no,0.735,other,KXCCAPRICEICE-26,0.3,0.49,0.49,0.48,False,,0.0,,0.0,0.0,5.0,0.38
1787155200,KXCCAPRICEICE-26AUG48,KXCCAPRICEICE-26,no,0.735,other,KXCCAPRICEICE-26,0.3,0.49,0.49,0.48,False,,0.0,,0.034999999999999976,0.0,4.0,0.38
1787158800,KXCCAPRICEICE-26AUG48,KXCCAPRICEICE-26,no,0.735,other,KXCCAPRICEICE-26,0.33499999999999996,0.37,0.36,0.36,True,0.36,0.0,-0.36,0.0,0.0,3.0,0.07
1787162400,KXCCAPRICEICE-26AUG48,KXCCAPRICEICE-26,no,0.735,other,KXCCAPRICEICE-26,0.33499999999999996,0.37,0.37,0.36,False,,0.0,,0.0,0.0,2.0,0.07
1787166000,KXCCAPRICEICE-26AUG48,KXCCAPRICEICE-26,no,0.735,other,KXCCAPRICEICE-26,0.33499999999999996,0.37,0.37,0.36,False,,0.0,,0.0,0.0,1.0,0.07
1787169600,KXCCAPRICEICE-26AUG48,KXCCAPRICEICE-26,no,0.735,other,KXCCAPRICEICE-26,0.33499999999999996,0.37,0.37,0.36,False,,0.0,,,0.0,0.0,0.07
1787605200,KXPALLADIUMH-26AUG2418-T1369.49,KXPALLADIUMH-26A,no,0.975,0.95-0.99,KXPALLADIUMH-26A,0.025,0.05,0.05,0.04,False,,0.0,,-0.015000000000000001,0.0,1.0,0.05
1787608800,KXPALLADIUMH-26AUG2418-T1369.49,KXPALLADIUMH-26A,no,0.975,0.95-0.99,KXPALLADIUMH-26A,0.01,0.02,0.02,0.01,False,,0.0,,,0.0,0.0,0.02
1784570400,KXWTIWHEN-65-26AUG21,KXWTIWHEN-65,no,0.85,other,KXWTIWHEN-65,0.15000000000000002,0.2,0.19,0.19,True,0.19,0.0,-0.19,0.0,0.0,768.5,0.1
1784574000,KXWTIWHEN-65-26AUG21,KXWTIWHEN-65,no,0.85,other,KXWTIWHEN-65,0.15000000000000002,0.2,0.19,0.19,True,0.19,0.0,-0.19,0.0,0.0,767.5,0.1
1784577600,KXWTIWHEN-65-26AUG21,KXWTIWHEN-65,no,0.85,other,KXWTIWHEN-65,0.15000000000000002,0.2,0.19,0.19,True,0.19,0.0,-0.19,0.004999999999999977,0.0,766.5,0.1
1784584800,KXWTIWHEN-65-26AUG21,KXWTIWHEN-65,no,0.85,other,KXWTIWHEN-65,0.155,0.2,0.2,0.19,False,,0.0,,0.0,0.0,764.5,0.09000000000000001
1784592000,KXWTIWHEN-65-26AUG21,KXWTIWHEN-65,no,0.85,other,KXWTIWHEN-65,0.155,0.2,0.19,0.19,True,0.19,0.0,-0.19,-0.0050000000000000044,0.0,762.5,0.09000000000000001
1784599200,KXWTIWHEN-65-26AUG21,KXWTIWHEN-65,no,0.85,other,KXWTIWHEN-65,0.15,0.19,0.19,0.18,False,,0.0,,-0.004999999999999977,0.0,760.5,0.08
1784610000,KXWTIWHEN-65-26AUG21,KXWTIWHEN-65,no,0.85,other,KXWTIWHEN-65,0.14500000000000002,0.19,0.19,0.18,False,,0.0,,0.0050000000000000044,0.0,757.5,0.09
1784656800,KXWTIWHEN-65-26AUG21,KXWTIWHEN-65,no,0.85,other,KXWTIWHEN-65,0.15000000000000002,0.2,0.19,0.19,True,0.19,0.0,-0.19,-0.0050000000000000044,0.0,744.5,0.1
1784660400,KXWTIWHEN-65-26AUG21,KXWTIWHEN-65,no,0.85,other,KXWTIWHEN-65,0.14500000000000002,0.19,0.19,0.18,False,,0.0,,-0.010000000000000009,0.0,743.5,0.09
1784682000,KXWTIWHEN-65-26AUG21,KXWTIWHEN-65,no,0.85,other,KXWTIWHEN-65,0.135,0.17,0.17,0.16,False,,0.0,,-0.015000000000000013,0.0,737.5,0.07
1784692800,KXWTIWHEN-65-26AUG21,KXWTIWHEN-65,no,0.85,other,KXWTIWHEN-65,0.12,0.16,0.16,0.15,False,,0.0,,-0.0049999999999999906,0.0,734.5,0.08
1784710800,KXWTIWHEN-65-26AUG21,KXWTIWHEN-65,no,0.85,other,KXWTIWHEN-65,0.115,0.16,0.16,0.15,False,,0.0,,-0.0050000000000000044,0.0,729.5,0.09
1784725200,KXWTIWHEN-65-26AUG21,KXWTIWHEN-65,no,0.85,other,KXWTIWHEN-65,0.11,0.16,0.16,0.15,False,,0.0,,0.0050000000000000044,0.0,725.5,0.1
1784728800,KXWTIWHEN-65-26AUG21,KXWTIWHEN-65,no,0.85,other,KXWTIWHEN-65,0.115,0.16,0.16,0.15,False,,0.0,,0.0050000000000000044,0.0,724.5,0.09
1784739600,KXWTIWHEN-65-26AUG21,KXWTIWHEN-65,no,0.85,other,KXWTIWHEN-65,0.12000000000000001,0.17,0.16,0.16,True,0.16,0.0,-0.16,-0.020000000000000004,0.0,721.5,0.1
1784761200,KXWTIWHEN-65-26AUG21,KXWTIWHEN-65,no,0.85,other,KXWTIWHEN-65,0.1,0.13,0.13,0.12000000000000001,False,,0.0,,0.024999999999999994,0.0,715.5,0.06
1784768400,KXWTIWHEN-65-26AUG21,KXWTIWHEN-65,no,0.85,other,KXWTIWHEN-65,0.125,0.18,0.13,0.16999999999999998,True,0.16999999999999998,0.0,-0.16999999999999998,0.0050000000000000044,0.0,713.5,0.10999999999999999
1784772000,KXWTIWHEN-65-26AUG21,KXWTIWHEN-65,no,0.85,other,KXWTIWHEN-65,0.13,0.18,0.18,0.16999999999999998,False,,0.0,,0.0050000000000000044,0.0,712.5,0.09999999999999999
1784779200,KXWTIWHEN-65-26AUG21,KXWTIWHEN-65,no,0.85,other,KXWTIWHEN-65,0.135,0.18,0.18,0.16999999999999998,False,,0.0,,-0.0050000000000000044,0.0,710.5,0.09
1784782800,KXWTIWHEN-65-26AUG21,KXWTIWHEN-65,no,0.85,other,KXWTIWHEN-65,0.13,0.17,0.17,0.16,False,,0.0,,0.0050000000000000044,0.0,709.5,0.08000000000000002
1784793600,KXWTIWHEN-65-26AUG21,KXWTIWHEN-65,no,0.85,other,KXWTIWHEN-65,0.135,0.18,0.17,0.16999999999999998,False,,0.0,,-0.0050000000000000044,0.0,706.5,0.09
1784800800,KXWTIWHEN-65-26AUG21,KXWTIWHEN-65,no,0.85,other,KXWTIWHEN-65,0.13,0.17,0.17,0.16,False,,0.0,,-0.03,0.0,704.5,0.08000000000000002
1784811600,KXWTIWHEN-65-26AUG21,KXWTIWHEN-65,no,0.85,other,KXWTIWHEN-65,0.1,0.11,0.11,0.1,False,,0.0,,-0.010000000000000009,0.0,701.5,0.020000000000000004
1784818800,KXWTIWHEN-65-26AUG21,KXWTIWHEN-65,no,0.85,other,KXWTIWHEN-65,0.09,0.11,0.11,0.1,False,,0.0,,0.04000000000000001,0.0,699.5,0.039999999999999994
1784826000,KXWTIWHEN-65-26AUG21,KXWTIWHEN-65,no,0.85,other,KXWTIWHEN-65,0.13,0.18,0.11,0.16999999999999998,True,0.16999999999999998,0.0,-0.16999999999999998,-0.0050000000000000044,0.0,697.5,0.09999999999999999
1784829600,KXWTIWHEN-65-26AUG21,KXWTIWHEN-65,no,0.85,other,KXWTIWHEN-65,0.125,0.17,0.17,0.16,False,,0.0,,0.04000000000000001,0.0,696.5,0.09000000000000001
1784836800,KXWTIWHEN-65-26AUG21,KXWTIWHEN-65,no,0.85,other,KXWTIWHEN-65,0.165,0.26,0.17,0.25,True,0.25,0.0,-0.25,0.01999999999999999,0.0,694.5,0.19
1784840400,KXWTIWHEN-65-26AUG21,KXWTIWHEN-65,no,0.85,other,KXWTIWHEN-65,0.185,0.22,0.16,0.21,True,0.21,0.0,-0.21,-0.06,0.0,693.5,0.07
1784844000,KXWTIWHEN-65-26AUG21,KXWTIWHEN-65,no,0.85,other,KXWTIWHEN-65,0.125,0.16,0.16,0.15,False,,0.0,,0.015000000000000013,0.0,692.5,0.07
1784847600,KXWTIWHEN-65-26AUG21,KXWTIWHEN-65,no,0.85,other,KXWTIWHEN-65,0.14,0.17,0.16,0.16,True,0.16,0.0,-0.16,0.0,0.0,691.5,0.06000000000000001
1784851200,KXWTIWHEN-65-26AUG21,KXWTIWHEN-65,no,0.85,other,KXWTIWHEN-65,0.14,0.17,0.17,0.16,False,,0.0,,0.004999999999999977,0.0,690.5,0.06000000000000001
1784854800,KXWTIWHEN-65-26AUG21,KXWTIWHEN-65,no,0.85,other,KXWTIWHEN-65,0.145,0.18,0.17,0.16999999999999998,False,,0.0,,-0.05499999999999999,0.0,689.5,0.06999999999999999
1784862000,KXWTIWHEN-65-26AUG21,KXWTIWHEN-65,no,0.85,other,KXWTIWHEN-65,0.09,0.12,0.12,0.11,False,,0.0,,0.0050000000000000044,0.0,687.5,0.06
1784865600,KXWTIWHEN-65-26AUG21,KXWTIWHEN-65,no,0.85,other,KXWTIWHEN-65,0.095,0.12,0.12,0.11,False,,0.0,,-0.0050000000000000044,0.0,686.5,0.04999999999999999
1784869200,KXWTIWHEN-65-26AUG21,KXWTIWHEN-65,no,0.85,other,KXWTIWHEN-65,0.09,0.11,0.11,0.1,False,,0.0,,-0.0049999999999999906,0.0,685.5,0.039999999999999994
1784905200,KXWTIWHEN-65-26AUG21,KXWTIWHEN-65,no,0.85,other,KXWTIWHEN-65,0.085,0.1,0.1,0.09000000000000001,False,,0.0,,-1.3877787807814457e-17,0.0,675.5,0.03
1784908800,KXWTIWHEN-65-26AUG21,KXWTIWHEN-65,no,0.85,other,KXWTIWHEN-65,0.08499999999999999,0.11,0.1,0.1,True,0.1,0.0,-0.1,0.030000000000000013,0.0,674.5,0.05
1784923200,KXWTIWHEN-65-26AUG21,KXWTIWHEN-65,no,0.85,other,KXWTIWHEN-65,0.115,0.17,0.11,0.16,True,0.16,0.0,-0.16,0.0050000000000000044,0.0,670.5,0.11000000000000001
1784926800,KXWTIWHEN-65-26AUG21,KXWTIWHEN-65,no,0.85,other,KXWTIWHEN-65,0.12000000000000001,0.14,0.14,0.13,False,,0.0,,0.0049999999999999906,0.0,669.5,0.04000000000000001
1784930400,KXWTIWHEN-65-26AUG21,KXWTIWHEN-65,no,0.85,other,KXWTIWHEN-65,0.125,0.15,0.14,0.13999999999999999,False,,0.0,,0.0,0.0,668.5,0.04999999999999999
1784937600,KXWTIWHEN-65-26AUG21,KXWTIWHEN-65,no,0.85,other,KXWTIWHEN-65,0.125,0.15,0.15,0.13999999999999999,False,,0.0,,-0.009999999999999995,0.0,666.5,0.04999999999999999
1784941200,KXWTIWHEN-65-26AUG21,KXWTIWHEN-65,no,0.85,other,KXWTIWHEN-65,0.115,0.14,0.14,0.13,False,,0.0,,0.0,0.0,665.5,0.05000000000000002
1784962800,KXWTIWHEN-65-26AUG21,KXWTIWHEN-65,no,0.85,other,KXWTIWHEN-65,0.115,0.13,0.13,0.12000000000000001,False,,0.0,,0.0050000000000000044,0.0,659.5,0.03
1784966400,KXWTIWHEN-65-26AUG21,KXWTIWHEN-65,no,0.85,other,KXWTIWHEN-65,0.12000000000000001,0.14,0.13,0.13,True,0.13,0.0,-0.13,-0.0050000000000000044,0.0,658.5,0.04000000000000001
1784977200,KXWTIWHEN-65-26AUG21,KXWTIWHEN-65,no,0.85,other,KXWTIWHEN-65,0.115,0.14,0.14,0.13,False,,0.0,,0.0,0.0,655.5,0.05000000000000002
1784991600,KXWTIWHEN-65-26AUG21,KXWTIWHEN-65,no,0.85,other,KXWTIWHEN-65,0.115,0.14,0.14,0.13,False,,0.0,,0.0,0.0,651.5,0.05000000000000002
1784995200,KXWTIWHEN-65-26AUG21,KXWTIWHEN-65,no,0.85,other,KXWTIWHEN-65,0.115,0.14,0.14,0.13,False,,0.0,,-0.0050000000000000044,0.0,650.5,0.05000000000000002
1785009600,KXWTIWHEN-65-26AUG21,KXWTIWHEN-65,no,0.85,other,KXWTIWHEN-65,0.11,0.13,0.13,0.12000000000000001,False,,0.0,,-0.0049999999999999906,0.0,646.5,0.04000000000000001
1785016800,KXWTIWHEN-65-26AUG21,KXWTIWHEN-65,no,0.85,other,KXWTIWHEN-65,0.10500000000000001,0.13,0.13,0.12000000000000001,False,,0.0,,0.0049999999999999906,0.0,644.5,0.05
1785024000,KXWTIWHEN-65-26AUG21,KXWTIWHEN-65,no,0.85,other,KXWTIWHEN-65,0.11,0.13,0.13,0.12000000000000001,False,,0.0,,0.0050000000000000044,0.0,642.5,0.04000000000000001
1785027600,KXWTIWHEN-65-26AUG21,KXWTIWHEN-65,no,0.85,other,KXWTIWHEN-65,0.115,0.14,0.13,0.13,True,0.13,0.0,-0.13,0.0,0.0,641.5,0.05000000000000002
1785038400,KXWTIWHEN-65-26AUG21,KXWTIWHEN-65,no,0.85,other,KXWTIWHEN-65,0.115,0.14,0.14,0.13,False,,0.0,,-0.0050000000000000044,0.0,638.5,0.05000000000000002
1785042000,KXWTIWHEN-65-26AUG21,KXWTIWHEN-65,no,0.85,other,KXWTIWHEN-65,0.11,0.13,0.13,0.12000000000000001,False,,0.0,,0.0,0.0,637.5,0.04000000000000001
1785056400,KXWTIWHEN-65-26AUG21,KXWTIWHEN-65,no,0.85,other,KXWTIWHEN-65,0.11,0.13,0.13,0.12000000000000001,False,,0.0,,0.0,0.0,633.5,0.04000000000000001
1785074400,KXWTIWHEN-65-26AUG21,KXWTIWHEN-65,no,0.85,other,KXWTIWHEN-65,0.11,0.13,0.12,0.12000000000000001,True,0.12000000000000001,0.0,-0.12000000000000001,0.0,0.0,628.5,0.04000000000000001
1785096000,KXWTIWHEN-65-26AUG21,KXWTIWHEN-65,no,0.85,other,KXWTIWHEN-65,0.11,0.13,0.13,0.12000000000000001,False,,0.0,,0.0,0.0,622.5,0.04000000000000001
1785110400,KXWTIWHEN-65-26AUG21,KXWTIWHEN-65,no,0.85,other,KXWTIWHEN-65,0.11,0.13,0.12,0.12000000000000001,True,0.12000000000000001,0.0,-0.12000000000000001,0.0,0.0,618.5,0.04000000000000001
1785114000,KXWTIWHEN-65-26AUG21,KXWTIWHEN-65,no,0.85,other,KXWTIWHEN-65,0.11,0.13,0.13,0.12000000000000001,False,,0.0,,-0.015,0.0,617.5,0.04000000000000001
1785117600,KXWTIWHEN-65-26AUG21,KXWTIWHEN-65,no,0.85,other,KXWTIWHEN-65,0.095,0.11,0.11,0.1,False,,0.0,,0.0,0.0,616.5,0.03
1785139200,KXWTIWHEN-65-26AUG21,KXWTIWHEN-65,no,0.85,other,KXWTIWHEN-65,0.095,0.11,0.11,0.1,False,,0.0,,0.0,0.0,610.5,0.03
1785142800,KXWTIWHEN-65-26AUG21,KXWTIWHEN-65,no,0.85,other,KXWTIWHEN-65,0.095,0.11,0.11,0.1,False,,0.0,,0.0,0.0,609.5,0.03
1785157200,KXWTIWHEN-65-26AUG21,KXWTIWHEN-65,no,0.85,other,KXWTIWHEN-65,0.095,0.11,0.11,0.1,False,,0.0,,0.009999999999999995,0.0,605.5,0.03
1785164400,KXWTIWHEN-65-26AUG21,KXWTIWHEN-65,no,0.85,other,KXWTIWHEN-65,0.105,0.12,0.11,0.11,True,0.11,0.0,-0.11,-0.009999999999999995,0.0,603.5,0.03
1785168000,KXWTIWHEN-65-26AUG21,KXWTIWHEN-65,no,0.85,other,KXWTIWHEN-65,0.095,0.11,0.11,0.1,False,,0.0,,0.010000000000000009,0.0,602.5,0.03
1785175200,KXWTIWHEN-65-26AUG21,KXWTIWHEN-65,no,0.85,other,KXWTIWHEN-65,0.10500000000000001,0.13,0.11,0.12000000000000001,True,0.12000000000000001,0.0,-0.12000000000000001,0.0,0.0,600.5,0.05
1785178800,KXWTIWHEN-65-26AUG21,KXWTIWHEN-65,no,0.85,other,KXWTIWHEN-65,0.10500000000000001,0.13,0.13,0.12000000000000001,False,,0.0,,0.0049999999999999906,0.0,599.5,0.05
1785193200,KXWTIWHEN-65-26AUG21,KXWTIWHEN-65,no,0.85,other,KXWTIWHEN-65,0.11,0.13,0.13,0.12000000000000001,False,,0.0,,0.0,0.0,595.5,0.04000000000000001
1785200400,KXWTIWHEN-65-26AUG21,KXWTIWHEN-65,no,0.85,other,KXWTIWHEN-65,0.11,0.13,0.13,0.12000000000000001,False,,0.0,,0.0,0.0,593.5,0.04000000000000001
1785214800,KXWTIWHEN-65-26AUG21,KXWTIWHEN-65,no,0.85,other,KXWTIWHEN-65,0.11,0.13,0.13,0.12000000000000001,False,,0.0,,0.0,0.0,589.5,0.04000000000000001
1785218400,KXWTIWHEN-65-26AUG21,KXWTIWHEN-65,no,0.85,other,KXWTIWHEN-65,0.11,0.13,0.13,0.12000000000000001,False,,0.0,,0.0,0.0,588.5,0.04000000000000001
1785222000,KXWTIWHEN-65-26AUG21,KXWTIWHEN-65,no,0.85,other,KXWTIWHEN-65,0.11,0.13,0.13,0.12000000000000001,False,,0.0,,0.0,0.0,587.5,0.04000000000000001
1785236400,KXWTIWHEN-65-26AUG21,KXWTIWHEN-65,no,0.85,other,KXWTIWHEN-65,0.11,0.13,0.13,0.12000000000000001,False,,0.0,,0.0,0.0,583.5,0.04000000000000001
1785254400,KXWTIWHEN-65-26AUG21,KXWTIWHEN-65,no,0.85,other,KXWTIWHEN-65,0.11,0.13,0.13,0.12000000000000001,False,,0.0,,-0.0049999999999999906,0.0,578.5,0.04000000000000001
1785258000,KXWTIWHEN-65-26AUG21,KXWTIWHEN-65,no,0.85,other,KXWTIWHEN-65,0.10500000000000001,0.13,0.13,0.12000000000000001,False,,0.0,,0.0,0.0,577.5,0.05
1785265200,KXWTIWHEN-65-26AUG21,KXWTIWHEN-65,no,0.85,other,KXWTIWHEN-65,0.10500000000000001,0.13,0.13,0.12000000000000001,False,,0.0,,0.0049999999999999906,0.0,575.5,0.05
1785268800,KXWTIWHEN-65-26AUG21,KXWTIWHEN-65,no,0.85,other,KXWTIWHEN-65,0.11,0.13,0.13,0.12000000000000001,False,,0.0,,0.0,0.0,574.5,0.04000000000000001
1785272400,KXWTIWHEN-65-26AUG21,KXWTIWHEN-65,no,0.85,other,KXWTIWHEN-65,0.11,0.13,0.13,0.12000000000000001,False,,0.0,,0.0,0.0,573.5,0.04000000000000001
1785276000,KXWTIWHEN-65-26AUG21,KXWTIWHEN-65,no,0.85,other,KXWTIWHEN-65,0.11,0.13,0.13,0.12000000000000001,False,,0.0,,-0.009999999999999995,0.0,572.5,0.04000000000000001
1785279600,KXWTIWHEN-65-26AUG21,KXWTIWHEN-65,no,0.85,other,KXWTIWHEN-65,0.1,0.11,0.11,0.1,False,,0.0,,0.0050000000000000044,0.0,571.5,0.020000000000000004
1785283200,KXWTIWHEN-65-26AUG21,KXWTIWHEN-65,no,0.85,other,KXWTIWHEN-65,0.10500000000000001,0.13,0.11,0.12000000000000001,True,0.12000000000000001,0.0,-0.12000000000000001,-0.015000000000000013,0.0,570.5,0.05
1785286800,KXWTIWHEN-65-26AUG21,KXWTIWHEN-65,no,0.85,other,KXWTIWHEN-65,0.09,0.12,0.12,0.11,False,,0.0,,0.0,0.0,569.5,0.06
1785294000,KXWTIWHEN-65-26AUG21,KXWTIWHEN-65,no,0.85,other,KXWTIWHEN-65,0.09,0.12,0.12,0.11,False,,0.0,,0.0050000000000000044,0.0,567.5,0.06
1785297600,KXWTIWHEN-65-26AUG21,KXWTIWHEN-65,no,0.85,other,KXWTIWHEN-65,0.095,0.12,0.12,0.11,False,,0.0,,0.0,0.0,566.5,0.04999999999999999
1785301200,KXWTIWHEN-65-26AUG21,KXWTIWHEN-65,no,0.85,other,KXWTIWHEN-65,0.095,0.12,0.12,0.11,False,,0.0,,-0.009999999999999995,0.0,565.5,0.04999999999999999
1785304800,KXWTIWHEN-65-26AUG21,KXWTIWHEN-65,no,0.85,other,KXWTIWHEN-65,0.085,0.1,0.1,0.09000000000000001,False,,0.0,,-0.0050000000000000044,0.0,564.5,0.03
1785312000,KXWTIWHEN-65-26AUG21,KXWTIWHEN-65,no,0.85,other,KXWTIWHEN-65,0.08,0.1,0.1,0.09000000000000001,False,,0.0,,-0.0050000000000000044,0.0,562.5,0.04000000000000001
1785322800,KXWTIWHEN-65-26AUG21,KXWTIWHEN-65,no,0.85,other,KXWTIWHEN-65,0.075,0.09,0.09,0.08,False,,0.0,,0.0,0.0,559.5,0.03
1785326400,KXWTIWHEN-65-26AUG21,KXWTIWHEN-65,no,0.85,other,KXWTIWHEN-65,0.075,0.09,0.09,0.08,False,,0.0,,0.0,0.0,558.5,0.03
1785330000,KXWTIWHEN-65-26AUG21,KXWTIWHEN-65,no,0.85,other,KXWTIWHEN-65,0.075,0.09,0.09,0.08,False,,0.0,,0.0,0.0,557.5,0.03
1785337200,KXWTIWHEN-65-26AUG21,KXWTIWHEN-65,no,0.85,other,KXWTIWHEN-65,0.075,0.09,0.09,0.08,False,,0.0,,0.0050000000000000044,0.0,555.5,0.03
1785340800,KXWTIWHEN-65-26AUG21,KXWTIWHEN-65,no,0.85,other,KXWTIWHEN-65,0.08,0.1,0.09,0.09000000000000001,True,0.09000000000000001,0.0,-0.09000000000000001,0.0,0.0,554.5,0.04000000000000001
1785344400,KXWTIWHEN-65-26AUG21,KXWTIWHEN-65,no,0.85,other,KXWTIWHEN-65,0.08,0.1,0.09,0.09000000000000001,True,0.09000000000000001,0.0,-0.09000000000000001,0.0050000000000000044,0.0,553.5,0.04000000000000001
1785348000,KXWTIWHEN-65-26AUG21,KXWTIWHEN-65,no,0.85,other,KXWTIWHEN-65,0.085,0.1,0.1,0.09000000000000001,False,,0.0,,-0.0050000000000000044,0.0,552.5,0.03
1785355200,KXWTIWHEN-65-26AUG21,KXWTIWHEN-65,no,0.85,other,KXWTIWHEN-65,0.08,0.09,0.09,0.08,False,,0.0,,0.020000000000000004,0.0,550.5,0.01999999999999999
1785358800,KXWTIWHEN-65-26AUG21,KXWTIWHEN-65,no,0.85,other,KXWTIWHEN-65,0.1,0.13,0.08,0.12000000000000001,True,0.12000000000000001,0.0,-0.12000000000000001,-0.020000000000000004,0.0,549.5,0.06
1785362400,KXWTIWHEN-65-26AUG21,KXWTIWHEN-65,no,0.85,other,KXWTIWHEN-65,0.08,0.09,0.09,0.08,False,,0.0,,0.0050000000000000044,0.0,548.5,0.01999999999999999
1785373200,KXWTIWHEN-65-26AUG21,KXWTIWHEN-65,no,0.85,other,KXWTIWHEN-65,0.085,0.1,0.09,0.09000000000000001,True,0.09000000000000001,0.0,-0.09000000000000001,-0.010000000000000009,0.0,545.5,0.03
1785384000,KXWTIWHEN-65-26AUG21,KXWTIWHEN-65,no,0.85,other,KXWTIWHEN-65,0.075,0.09,0.09,0.08,False,,0.0,,0.0050000000000000044,0.0,542.5,0.03
1785387600,KXWTIWHEN-65-26AUG21,KXWTIWHEN-65,no,0.85,other,KXWTIWHEN-65,0.08,0.1,0.09,0.09000000000000001,True,0.09000000000000001,0.0,-0.09000000000000001,-0.0050000000000000044,0.0,541.5,0.04000000000000001
1785391200,KXWTIWHEN-65-26AUG21,KXWTIWHEN-65,no,0.85,other,KXWTIWHEN-65,0.075,0.09,0.09,0.08,False,,0.0,,0.0,0.0,540.5,0.03
1785394800,KXWTIWHEN-65-26AUG21,KXWTIWHEN-65,no,0.85,other,KXWTIWHEN-65,0.075,0.09,0.09,0.08,False,,0.0,,0.015,0.0,539.5,0.03
1785398400,KXWTIWHEN-65-26AUG21,KXWTIWHEN-65,no,0.85,other,KXWTIWHEN-65,0.09,0.13,0.09,0.12000000000000001,True,0.12000000000000001,0.0,-0.12000000000000001,0.0050000000000000044,0.0,538.5,0.08
1785416400,KXWTIWHEN-65-26AUG21,KXWTIWHEN-65,no,0.85,other,KXWTIWHEN-65,0.095,0.13,0.13,0.12000000000000001,False,,0.0,,0.0050000000000000044,0.0,533.5,0.07
1785427200,KXWTIWHEN-65-26AUG21,KXWTIWHEN-65,no,0.85,other,KXWTIWHEN-65,0.1,0.13,0.13,0.12000000000000001,False,,0.0,,-0.020000000000000004,0.0,530.5,0.06
1785430800,KXWTIWHEN-65-26AUG21,KXWTIWHEN-65,no,0.85,other,KXWTIWHEN-65,0.08,0.1,0.1,0.09000000000000001,False,,0.0,,-0.0049999999999999906,0.0,529.5,0.04000000000000001
1785434400,KXWTIWHEN-65-26AUG21,KXWTIWHEN-65,no,0.85,other,KXWTIWHEN-65,0.07500000000000001,0.1,0.1,0.09000000000000001,False,,0.0,,0.0049999999999999906,0.0,528.5,0.05
1785448800,KXWTIWHEN-65-26AUG21,KXWTIWHEN-65,no,0.85,other,KXWTIWHEN-65,0.08,0.11,0.1,0.1,True,0.1,0.0,-0.1,0.0049999999999999906,0.0,524.5,0.06
1785452400,KXWTIWHEN-65-26AUG21,KXWTIWHEN-65,no,0.85,other,KXWTIWHEN-65,0.08499999999999999,0.11,0.11,0.1,False,,0.0,,-0.0049999999999999906,0.0,523.5,0.05
1785459600,KXWTIWHEN-65-26AUG21,KXWTIWHEN-65,no,0.85,other,KXWTIWHEN-65,0.08,0.1,0.1,0.09000000000000001,False,,0.0,,0.0049999999999999906,0.0,521.5,0.04000000000000001
1785463200,KXWTIWHEN-65-26AUG21,KXWTIWHEN-65,no,0.85,other,KXWTIWHEN-65,0.08499999999999999,0.11,0.1,0.1,True,0.1,0.0,-0.1,-0.0049999999999999906,0.0,520.5,0.05
1785470400,KXWTIWHEN-65-26AUG21,KXWTIWHEN-65,no,0.85,other,KXWTIWHEN-65,0.08,0.11,0.11,0.1,False,,0.0,,-0.0049999999999999906,0.0,518.5,0.06
1785474000,KXWTIWHEN-65-26AUG21,KXWTIWHEN-65,no,0.85,other,KXWTIWHEN-65,0.07500000000000001,0.1,0.09,0.09000000000000001,True,0.09000000000000001,0.0,-0.09000000000000001,0.009999999999999981,0.0,517.5,0.05
1785477600,KXWTIWHEN-65-26AUG21,KXWTIWHEN-65,no,0.85,other,KXWTIWHEN-65,0.08499999999999999,0.11,0.1,0.1,True,0.1,0.0,-0.1,-0.0049999999999999906,0.0,516.5,0.05
1785481200,KXWTIWHEN-65-26AUG21,KXWTIWHEN-65,no,0.85,other,KXWTIWHEN-65,0.08,0.1,0.1,0.09000000000000001,False,,0.0,,0.0,0.0,515.5,0.04000000000000001
1785484800,KXWTIWHEN-65-26AUG21,KXWTIWHEN-65,no,0.85,other,KXWTIWHEN-65,0.08,0.1,0.1,0.09000000000000001,False,,0.0,,0.0,0.0,514.5,0.04000000000000001
1785492000,KXWTIWHEN-65-26AUG21,KXWTIWHEN-65,no,0.85,other,KXWTIWHEN-65,0.08,0.1,0.1,0.09000000000000001,False,,0.0,,-0.0050000000000000044,0.0,512.5,0.04000000000000001
1785495600,KXWTIWHEN-65-26AUG21,KXWTIWHEN-65,no,0.85,other,KXWTIWHEN-65,0.075,0.09,0.09,0.08,False,,0.0,,-0.009999999999999995,0.0,511.5,0.03
1785502800,KXWTIWHEN-65-26AUG21,KXWTIWHEN-65,no,0.85,other,KXWTIWHEN-65,0.065,0.08,0.08,0.07,False,,0.0,,0.0,0.0,509.5,0.03
1785513600,KXWTIWHEN-65-26AUG21,KXWTIWHEN-65,no,0.85,other,KXWTIWHEN-65,0.065,0.08,0.08,0.07,False,,0.0,,0.015,0.0,506.5,0.03
1785517200,KXWTIWHEN-65-26AUG21,KXWTIWHEN-65,no,0.85,other,KXWTIWHEN-65,0.08,0.1,0.08,0.09000000000000001,True,0.09000000000000001,0.0,-0.09000000000000001,-0.0050000000000000044,0.0,505.5,0.04000000000000001
1785520800,KXWTIWHEN-65-26AUG21,KXWTIWHEN-65,no,0.85,other,KXWTIWHEN-65,0.075,0.09,0.09,0.08,False,,0.0,,0.0050000000000000044,0.0,504.5,0.03
1785524400,KXWTIWHEN-65-26AUG21,KXWTIWHEN-65,no,0.85,other,KXWTIWHEN-65,0.08,0.1,0.09,0.09000000000000001,True,0.09000000000000001,0.0,-0.09000000000000001,-0.0050000000000000044,0.0,503.5,0.04000000000000001
1785531600,KXWTIWHEN-65-26AUG21,KXWTIWHEN-65,no,0.85,other,KXWTIWHEN-65,0.075,0.09,0.09,0.08,False,,0.0,,0.0,0.0,501.5,0.03
1785535200,KXWTIWHEN-65-26AUG21,KXWTIWHEN-65,no,0.85,other,KXWTIWHEN-65,0.075,0.09,0.09,0.08,False,,0.0,,-0.009999999999999995,0.0,500.5,0.03
1785538800,KXWTIWHEN-65-26AUG21,KXWTIWHEN-65,no,0.85,other,KXWTIWHEN-65,0.065,0.08,0.08,0.07,False,,0.0,,0.0,0.0,499.5,0.03
1785546000,KXWTIWHEN-65-26AUG21,KXWTIWHEN-65,no,0.85,other,KXWTIWHEN-65,0.065,0.08,0.08,0.07,False,,0.0,,0.0,0.0,497.5,0.03
1785556800,KXWTIWHEN-65-26AUG21,KXWTIWHEN-65,no,0.85,other,KXWTIWHEN-65,0.065,0.08,0.08,0.07,False,,0.0,,-0.010000000000000002,0.0,494.5,0.03
1785596400,KXWTIWHEN-65-26AUG21,KXWTIWHEN-65,no,0.85,other,KXWTIWHEN-65,0.055,0.06,0.06,0.049999999999999996,False,,0.0,,0.0,0.0,483.5,0.009999999999999995
1785607200,KXWTIWHEN-65-26AUG21,KXWTIWHEN-65,no,0.85,other,KXWTIWHEN-65,0.055,0.06,0.06,0.049999999999999996,False,,0.0,,-0.015,0.0,480.5,0.009999999999999995
1785639600,KXWTIWHEN-65-26AUG21,KXWTIWHEN-65,no,0.85,other,KXWTIWHEN-65,0.04,0.06,0.06,0.049999999999999996,False,,0.0,,0.015,0.0,471.5,0.039999999999999994
1785643200,KXWTIWHEN-65-26AUG21,KXWTIWHEN-65,no,0.85,other,KXWTIWHEN-65,0.055,0.06,0.06,0.049999999999999996,False,,0.0,,0.0,0.0,470.5,0.009999999999999995
1785711600,KXWTIWHEN-65-26AUG21,KXWTIWHEN-65,no,0.85,other,KXWTIWHEN-65,0.055,0.06,0.06,0.049999999999999996,False,,0.0,,0.0,0.0,451.5,0.009999999999999995
1785733200,KXWTIWHEN-65-26AUG21,KXWTIWHEN-65,no,0.85,other,KXWTIWHEN-65,0.055,0.06,0.06,0.049999999999999996,False,,0.0,,0.0,0.0,445.5,0.009999999999999995
1785783600,KXWTIWHEN-65-26AUG21,KXWTIWHEN-65,no,0.85,other,KXWTIWHEN-65,0.055,0.06,0.06,0.049999999999999996,False,,0.0,,0.0,0.0,431.5,0.009999999999999995
1785819600,KXWTIWHEN-65-26AUG21,KXWTIWHEN-65,no,0.85,other,KXWTIWHEN-65,0.055,0.06,0.06,0.049999999999999996,False,,0.0,,0.0,0.0,421.5,0.009999999999999995
1785855600,KXWTIWHEN-65-26AUG21,KXWTIWHEN-65,no,0.85,other,KXWTIWHEN-65,0.055,0.06,0.06,0.049999999999999996,False,,0.0,,0.0,0.0,411.5,0.009999999999999995
1785884400,KXWTIWHEN-65-26AUG21,KXWTIWHEN-65,no,0.85,other,KXWTIWHEN-65,0.055,0.06,0.06,0.049999999999999996,False,,0.0,,0.07,0.0,403.5,0.009999999999999995
1785888000,KXWTIWHEN-65-26AUG21,KXWTIWHEN-65,no,0.85,other,KXWTIWHEN-65,0.125,0.13,0.06,0.12000000000000001,True,0.12000000000000001,0.0,-0.12000000000000001,-0.0050000000000000044,0.0,402.5,0.010000000000000009
1785891600,KXWTIWHEN-65-26AUG21,KXWTIWHEN-65,no,0.85,other,KXWTIWHEN-65,0.12,0.13,0.13,0.12000000000000001,False,,0.0,,-0.0049999999999999906,0.0,401.5,0.020000000000000004
1785895200,KXWTIWHEN-65-26AUG21,KXWTIWHEN-65,no,0.85,other,KXWTIWHEN-65,0.115,0.13,0.13,0.12000000000000001,False,,0.0,,0.039999999999999994,0.0,400.5,0.03
1785898800,KXWTIWHEN-65-26AUG21,KXWTIWHEN-65,no,0.85,other,KXWTIWHEN-65,0.155,0.19,0.13,0.18,True,0.18,0.0,-0.18,-0.010000000000000009,0.0,399.5,0.07
1785906000,KXWTIWHEN-65-26AUG21,KXWTIWHEN-65,no,0.85,other,KXWTIWHEN-65,0.145,0.18,0.18,0.16999999999999998,False,,0.0,,0.015000000000000013,0.0,397.5,0.06999999999999999
1785909600,KXWTIWHEN-65-26AUG21,KXWTIWHEN-65,no,0.85,other,KXWTIWHEN-65,0.16,0.19,0.18,0.18,True,0.18,0.0,-0.18,-0.010000000000000009,0.0,396.5,0.06
1785913200,KXWTIWHEN-65-26AUG21,KXWTIWHEN-65,no,0.85,other,KXWTIWHEN-65,0.15,0.18,0.18,0.16999999999999998,False,,0.0,,-0.004999999999999977,0.0,395.5,0.06
1785916800,KXWTIWHEN-65-26AUG21,KXWTIWHEN-65,no,0.85,other,KXWTIWHEN-65,0.14500000000000002,0.17,0.17,0.16,False,,0.0,,0.004999999999999977,0.0,394.5,0.05000000000000002
1785920400,KXWTIWHEN-65-26AUG21,KXWTIWHEN-65,no,0.85,other,KXWTIWHEN-65,0.15,0.18,0.17,0.16999999999999998,False,,0.0,,0.0,0.0,393.5,0.06
1785924000,KXWTIWHEN-65-26AUG21,KXWTIWHEN-65,no,0.85,other,KXWTIWHEN-65,0.15,0.18,0.18,0.16999999999999998,False,,0.0,,-0.0050000000000000044,0.0,392.5,0.06
1785927600,KXWTIWHEN-65-26AUG21,KXWTIWHEN-65,no,0.85,other,KXWTIWHEN-65,0.145,0.18,0.18,0.16999999999999998,False,,0.0,,0.010000000000000009,0.0,391.5,0.06999999999999999
1785931200,KXWTIWHEN-65-26AUG21,KXWTIWHEN-65,no,0.85,other,KXWTIWHEN-65,0.155,0.19,0.18,0.18,True,0.18,0.0,-0.18,-0.010000000000000009,0.0,390.5,0.07
1785934800,KXWTIWHEN-65-26AUG21,KXWTIWHEN-65,no,0.85,other,KXWTIWHEN-65,0.145,0.18,0.18,0.16999999999999998,False,,0.0,,0.010000000000000009,0.0,389.5,0.06999999999999999
1785938400,KXWTIWHEN-65-26AUG21,KXWTIWHEN-65,no,0.85,other,KXWTIWHEN-65,0.155,0.19,0.18,0.18,True,0.18,0.0,-0.18,0.015000000000000013,0.0,388.5,0.07
1785942000,KXWTIWHEN-65-26AUG21,KXWTIWHEN-65,no,0.85,other,KXWTIWHEN-65,0.17,0.2,0.19,0.19,True,0.19,0.0,-0.19,-0.0050000000000000044,0.0,387.5,0.06
1785945600,KXWTIWHEN-65-26AUG21,KXWTIWHEN-65,no,0.85,other,KXWTIWHEN-65,0.165,0.19,0.19,0.18,False,,0.0,,0.0,0.0,386.5,0.04999999999999999
1785960000,KXWTIWHEN-65-26AUG21,KXWTIWHEN-65,no,0.85,other,KXWTIWHEN-65,0.165,0.19,0.17,0.18,True,0.18,0.0,-0.18,0.0050000000000000044,0.0,382.5,0.04999999999999999
1785963600,KXWTIWHEN-65-26AUG21,KXWTIWHEN-65,no,0.85,other,KXWTIWHEN-65,0.17,0.2,0.19,0.19,True,0.19,0.0,-0.19,0.0,0.0,381.5,0.06
1785967200,KXWTIWHEN-65-26AUG21,KXWTIWHEN-65,no,0.85,other,KXWTIWHEN-65,0.17,0.2,0.2,0.19,False,,0.0,,-0.01999999999999999,0.0,380.5,0.06
1785970800,KXWTIWHEN-65-26AUG21,KXWTIWHEN-65,no,0.85,other,KXWTIWHEN-65,0.15000000000000002,0.16,0.16,0.15,False,,0.0,,-0.015000000000000013,0.0,379.5,0.01999999999999999
1785978000,KXWTIWHEN-65-26AUG21,KXWTIWHEN-65,no,0.85,other,KXWTIWHEN-65,0.135,0.15,0.15,0.13999999999999999,False,,0.0,,-0.015,0.0,377.5,0.03
1785981600,KXWTIWHEN-65-26AUG21,KXWTIWHEN-65,no,0.85,other,KXWTIWHEN-65,0.12000000000000001,0.14,0.14,0.13,False,,0.0,,0.009999999999999995,0.0,376.5,0.04000000000000001
1785985200,KXWTIWHEN-65-26AUG21,KXWTIWHEN-65,no,0.85,other,KXWTIWHEN-65,0.13,0.15,0.14,0.13999999999999999,False,,0.0,,0.0,0.0,375.5,0.039999999999999994
1785988800,KXWTIWHEN-65-26AUG21,KXWTIWHEN-65,no,0.85,other,KXWTIWHEN-65,0.13,0.15,0.13,0.13999999999999999,True,0.13999999999999999,0.0,-0.13999999999999999,0.0,0.0,374.5,0.039999999999999994
1785992400,KXWTIWHEN-65-26AUG21,KXWTIWHEN-65,no,0.85,other,KXWTIWHEN-65,0.13,0.15,0.14,0.13999999999999999,False,,0.0,,-0.009999999999999995,0.0,373.5,0.039999999999999994
1785999600,KXWTIWHEN-65-26AUG21,KXWTIWHEN-65,no,0.85,other,KXWTIWHEN-65,0.12000000000000001,0.14,0.14,0.13,False,,0.0,,0.115,0.0,371.5,0.04000000000000001
1786003200,KXWTIWHEN-65-26AUG21,KXWTIWHEN-65,no,0.85,other,KXWTIWHEN-65,0.23500000000000001,0.45,0.14,0.44,True,0.44,0.0,-0.44,-0.10500000000000001,0.0,370.5,0.43
1786010400,KXWTIWHEN-65-26AUG21,KXWTIWHEN-65,no,0.85,other,KXWTIWHEN-65,0.13,0.15,0.15,0.13999999999999999,False,,0.0,,-0.009999999999999995,0.0,368.5,0.039999999999999994
1786014000,KXWTIWHEN-65-26AUG21,KXWTIWHEN-65,no,0.85,other,KXWTIWHEN-65,0.12000000000000001,0.14,0.14,0.13,False,,0.0,,-0.010000000000000009,0.0,367.5,0.04000000000000001
1786035600,KXWTIWHEN-65-26AUG21,KXWTIWHEN-65,no,0.85,other,KXWTIWHEN-65,0.11,0.13,0.13,0.12000000000000001,False,,0.0,,0.020000000000000004,0.0,361.5,0.04000000000000001
1786039200,KXWTIWHEN-65-26AUG21,KXWTIWHEN-65,no,0.85,other,KXWTIWHEN-65,0.13,0.15,0.13,0.13999999999999999,True,0.13999999999999999,0.0,-0.13999999999999999,-0.009999999999999995,0.0,360.5,0.039999999999999994
1786046400,KXWTIWHEN-65-26AUG21,KXWTIWHEN-65,no,0.85,other,KXWTIWHEN-65,0.12000000000000001,0.14,0.14,0.13,False,,0.0,,0.009999999999999995,0.0,358.5,0.04000000000000001
1786068000,KXWTIWHEN-65-26AUG21,KXWTIWHEN-65,no,0.85,other,KXWTIWHEN-65,0.13,0.15,0.14,0.13999999999999999,False,,0.0,,-0.015,0.0,352.5,0.039999999999999994
1786071600,KXWTIWHEN-65-26AUG21,KXWTIWHEN-65,no,0.85,other,KXWTIWHEN-65,0.115,0.13,0.13,0.12000000000000001,False,,0.0,,0.0,0.0,351.5,0.03
1786075200,KXWTIWHEN-65-26AUG21,KXWTIWHEN-65,no,0.85,other,KXWTIWHEN-65,0.115,0.13,0.12,0.12000000000000001,True,0.12000000000000001,0.0,-0.12000000000000001,0.0,0.0,350.5,0.03
1786078800,KXWTIWHEN-65-26AUG21,KXWTIWHEN-65,no,0.85,other,KXWTIWHEN-65,0.115,0.13,0.13,0.12000000000000001,False,,0.0,,-0.0050000000000000044,0.0,349.5,0.03
1786082400,KXWTIWHEN-65-26AUG21,KXWTIWHEN-65,no,0.85,other,KXWTIWHEN-65,0.11,0.13,0.13,0.12000000000000001,False,,0.0,,0.0050000000000000044,0.0,348.5,0.04000000000000001
1786086000,KXWTIWHEN-65-26AUG21,KXWTIWHEN-65,no,0.85,other,KXWTIWHEN-65,0.115,0.13,0.13,0.12000000000000001,False,,0.0,,0.0049999999999999906,0.0,347.5,0.03
1786096800,KXWTIWHEN-65-26AUG21,KXWTIWHEN-65,no,0.85,other,KXWTIWHEN-65,0.12,0.13,0.13,0.12000000000000001,False,,0.0,,0.0,0.0,344.5,0.020000000000000004
1786107600,KXWTIWHEN-65-26AUG21,KXWTIWHEN-65,no,0.85,other,KXWTIWHEN-65,0.12,0.13,0.13,0.12000000000000001,False,,0.0,,1.3877787807814457e-17,0.0,341.5,0.020000000000000004
1786111200,KXWTIWHEN-65-26AUG21,KXWTIWHEN-65,no,0.85,other,KXWTIWHEN-65,0.12000000000000001,0.14,0.13,0.13,True,0.13,0.0,-0.13,0.0,0.0,340.5,0.04000000000000001
1786114800,KXWTIWHEN-65-26AUG21,KXWTIWHEN-65,no,0.85,other,KXWTIWHEN-65,0.12000000000000001,0.14,0.14,0.13,False,,0.0,,-0.010000000000000009,0.0,339.5,0.04000000000000001
1786118400,KXWTIWHEN-65-26AUG21,KXWTIWHEN-65,no,0.85,other,KXWTIWHEN-65,0.11,0.13,0.13,0.12000000000000001,False,,0.0,,0.0,0.0,338.5,0.04000000000000001
1786125600,KXWTIWHEN-65-26AUG21,KXWTIWHEN-65,no,0.85,other,KXWTIWHEN-65,0.11,0.13,0.13,0.12000000000000001,False,,0.0,,0.020000000000000004,0.0,336.5,0.04000000000000001
1786132800,KXWTIWHEN-65-26AUG21,KXWTIWHEN-65,no,0.85,other,KXWTIWHEN-65,0.13,0.15,0.13,0.13999999999999999,True,0.13999999999999999,0.0,-0.13999999999999999,0.0,0.0,334.5,0.039999999999999994
1786147200,KXWTIWHEN-65-26AUG21,KXWTIWHEN-65,no,0.85,other,KXWTIWHEN-65,0.13,0.15,0.15,0.13999999999999999,False,,0.0,,0.0,0.0,330.5,0.039999999999999994
1786154400,KXWTIWHEN-65-26AUG21,KXWTIWHEN-65,no,0.85,other,KXWTIWHEN-65,0.13,0.15,0.15,0.13999999999999999,False,,0.0,,-0.02500000000000001,0.0,328.5,0.039999999999999994
1786158000,KXWTIWHEN-65-26AUG21,KXWTIWHEN-65,no,0.85,other,KXWTIWHEN-65,0.105,0.12,0.12,0.11,False,,0.0,,0.0050000000000000044,0.0,327.5,0.03
1786161600,KXWTIWHEN-65-26AUG21,KXWTIWHEN-65,no,0.85,other,KXWTIWHEN-65,0.11,0.13,0.12,0.12000000000000001,True,0.12000000000000001,0.0,-0.12000000000000001,-0.009999999999999995,0.0,326.5,0.04000000000000001
1786165200,KXWTIWHEN-65-26AUG21,KXWTIWHEN-65,no,0.85,other,KXWTIWHEN-65,0.1,0.12,0.12,0.11,False,,0.0,,0.0,0.0,325.5,0.039999999999999994
1786190400,KXWTIWHEN-65-26AUG21,KXWTIWHEN-65,no,0.85,other,KXWTIWHEN-65,0.1,0.12,0.12,0.11,False,,0.0,,0.0,0.0,318.5,0.039999999999999994
1786248000,KXWTIWHEN-65-26AUG21,KXWTIWHEN-65,no,0.85,other,KXWTIWHEN-65,0.1,0.12,0.12,0.11,False,,0.0,,0.0,0.0,302.5,0.039999999999999994
1786316400,KXWTIWHEN-65-26AUG21,KXWTIWHEN-65,no,0.85,other,KXWTIWHEN-65,0.1,0.12,0.11,0.11,True,0.11,0.0,-0.11,-0.020000000000000004,0.0,283.5,0.039999999999999994
1786323600,KXWTIWHEN-65-26AUG21,KXWTIWHEN-65,no,0.85,other,KXWTIWHEN-65,0.08,0.09,0.09,0.08,False,,0.0,,0.0049999999999999906,0.0,281.5,0.01999999999999999
1786330800,KXWTIWHEN-65-26AUG21,KXWTIWHEN-65,no,0.85,other,KXWTIWHEN-65,0.08499999999999999,0.09,0.09,0.08,False,,0.0,,-0.01999999999999999,0.0,279.5,0.009999999999999995
1786338000,KXWTIWHEN-65-26AUG21,KXWTIWHEN-65,no,0.85,other,KXWTIWHEN-65,0.065,0.09,0.09,0.08,False,,0.0,,0.0,0.0,277.5,0.049999999999999996
1786341600,KXWTIWHEN-65-26AUG21,KXWTIWHEN-65,no,0.85,other,KXWTIWHEN-65,0.065,0.09,0.09,0.08,False,,0.0,,0.0,0.0,276.5,0.049999999999999996
1786377600,KXWTIWHEN-65-26AUG21,KXWTIWHEN-65,no,0.85,other,KXWTIWHEN-65,0.065,0.09,0.09,0.08,False,,0.0,,-0.0050000000000000044,0.0,266.5,0.049999999999999996
1786492800,KXWTIWHEN-65-26AUG21,KXWTIWHEN-65,no,0.85,other,KXWTIWHEN-65,0.06,0.09,0.09,0.08,False,,0.0,,-0.034999999999999996,0.0,234.5,0.06
1786496400,KXWTIWHEN-65-26AUG21,KXWTIWHEN-65,no,0.85,other,KXWTIWHEN-65,0.025,0.04,0.03,0.03,True,0.03,0.0,-0.03,-0.005000000000000001,0.0,233.5,0.03
1786510800,KXWTIWHEN-65-26AUG21,KXWTIWHEN-65,no,0.85,other,KXWTIWHEN-65,0.02,0.03,0.03,0.019999999999999997,False,,0.0,,-0.005000000000000001,0.0,229.5,0.019999999999999997
1786514400,KXWTIWHEN-65-26AUG21,KXWTIWHEN-65,no,0.85,other,KXWTIWHEN-65,0.015,0.02,0.02,0.01,False,,0.0,,0.0,0.0,228.5,0.01
1786518000,KXWTIWHEN-65-26AUG21,KXWTIWHEN-65,no,0.85,other,KXWTIWHEN-65,0.015,0.02,0.02,0.01,False,,0.0,,0.0,0.0,227.5,0.01
1786525200,KXWTIWHEN-65-26AUG21,KXWTIWHEN-65,no,0.85,other,KXWTIWHEN-65,0.015,0.02,0.02,0.01,False,,0.0,,0.0,0.0,225.5,0.01
1786532400,KXWTIWHEN-65-26AUG21,KXWTIWHEN-65,no,0.85,other,KXWTIWHEN-65,0.015,0.02,0.02,0.01,False,,0.0,,0.0,0.0,223.5,0.01
1786550400,KXWTIWHEN-65-26AUG21,KXWTIWHEN-65,no,0.85,other,KXWTIWHEN-65,0.015,0.02,0.02,0.01,False,,0.0,,0.0,0.0,218.5,0.01
1786564800,KXWTIWHEN-65-26AUG21,KXWTIWHEN-65,no,0.85,other,KXWTIWHEN-65,0.015,0.02,0.02,0.01,False,,0.0,,0.0,0.0,214.5,0.01
1786568400,KXWTIWHEN-65-26AUG21,KXWTIWHEN-65,no,0.85,other,KXWTIWHEN-65,0.015,0.02,0.02,0.01,False,,0.0,,0.0,0.0,213.5,0.01
1786582800,KXWTIWHEN-65-26AUG21,KXWTIWHEN-65,no,0.85,other,KXWTIWHEN-65,0.015,0.02,0.02,0.01,False,,0.0,,0.0,0.0,209.5,0.01
1786600800,KXWTIWHEN-65-26AUG21,KXWTIWHEN-65,no,0.85,other,KXWTIWHEN-65,0.015,0.02,0.02,0.01,False,,0.0,,0.0,0.0,204.5,0.01
1786615200,KXWTIWHEN-65-26AUG21,KXWTIWHEN-65,no,0.85,other,KXWTIWHEN-65,0.015,0.02,0.02,0.01,False,,0.0,,0.0,0.0,200.5,0.01
1786633200,KXWTIWHEN-65-26AUG21,KXWTIWHEN-65,no,0.85,other,KXWTIWHEN-65,0.015,0.02,0.02,0.01,False,,0.0,,0.0,0.0,195.5,0.01
1786640400,KXWTIWHEN-65-26AUG21,KXWTIWHEN-65,no,0.85,other,KXWTIWHEN-65,0.015,0.02,0.02,0.01,False,,0.0,,0.0,0.0,193.5,0.01
1786647600,KXWTIWHEN-65-26AUG21,KXWTIWHEN-65,no,0.85,other,KXWTIWHEN-65,0.015,0.02,0.02,0.01,False,,0.0,,0.0,0.0,191.5,0.01
1786654800,KXWTIWHEN-65-26AUG21,KXWTIWHEN-65,no,0.85,other,KXWTIWHEN-65,0.015,0.02,0.02,0.01,False,,0.0,,0.005000000000000001,0.0,189.5,0.01
1786665600,KXWTIWHEN-65-26AUG21,KXWTIWHEN-65,no,0.85,other,KXWTIWHEN-65,0.02,0.03,0.02,0.019999999999999997,False,,0.0,,-0.005000000000000001,0.0,186.5,0.019999999999999997
1786669200,KXWTIWHEN-65-26AUG21,KXWTIWHEN-65,no,0.85,other,KXWTIWHEN-65,0.015,0.02,0.02,0.01,False,,0.0,,0.005000000000000001,0.0,185.5,0.01
1786687200,KXWTIWHEN-65-26AUG21,KXWTIWHEN-65,no,0.85,other,KXWTIWHEN-65,0.02,0.03,0.02,0.019999999999999997,False,,0.0,,0.0,0.0,180.5,0.019999999999999997
1786705200,KXWTIWHEN-65-26AUG21,KXWTIWHEN-65,no,0.85,other,KXWTIWHEN-65,0.02,0.03,0.03,0.019999999999999997,False,,0.0,,-0.005000000000000001,0.0,175.5,0.019999999999999997
1786716000,KXWTIWHEN-65-26AUG21,KXWTIWHEN-65,no,0.85,other,KXWTIWHEN-65,0.015,0.02,0.02,0.01,False,,0.0,,0.005000000000000001,0.0,172.5,0.01
1786730400,KXWTIWHEN-65-26AUG21,KXWTIWHEN-65,no,0.85,other,KXWTIWHEN-65,0.02,0.03,0.02,0.019999999999999997,False,,0.0,,0.0,0.0,168.5,0.019999999999999997
1786734000,KXWTIWHEN-65-26AUG21,KXWTIWHEN-65,no,0.85,other,KXWTIWHEN-65,0.02,0.03,0.03,0.019999999999999997,False,,0.0,,0.0,0.0,167.5,0.019999999999999997
1786737600,KXWTIWHEN-65-26AUG21,KXWTIWHEN-65,no,0.85,other,KXWTIWHEN-65,0.02,0.03,0.03,0.019999999999999997,False,,0.0,,0.0,0.0,166.5,0.019999999999999997
1786741200,KXWTIWHEN-65-26AUG21,KXWTIWHEN-65,no,0.85,other,KXWTIWHEN-65,0.02,0.03,0.03,0.019999999999999997,False,,0.0,,-0.005000000000000001,0.0,165.5,0.019999999999999997
1786748400,KXWTIWHEN-65-26AUG21,KXWTIWHEN-65,no,0.85,other,KXWTIWHEN-65,0.015,0.02,0.02,0.01,False,,0.0,,0.0,0.0,163.5,0.01
1786752000,KXWTIWHEN-65-26AUG21,KXWTIWHEN-65,no,0.85,other,KXWTIWHEN-65,0.015,0.02,0.02,0.01,False,,0.0,,0.0,0.0,162.5,0.01
1786755600,KXWTIWHEN-65-26AUG21,KXWTIWHEN-65,no,0.85,other,KXWTIWHEN-65,0.015,0.02,0.02,0.01,False,,0.0,,0.0,0.0,161.5,0.01
1786773600,KXWTIWHEN-65-26AUG21,KXWTIWHEN-65,no,0.85,other,KXWTIWHEN-65,0.015,0.02,0.02,0.01,False,,0.0,,0.0,0.0,156.5,0.01
1786791600,KXWTIWHEN-65-26AUG21,KXWTIWHEN-65,no,0.85,other,KXWTIWHEN-65,0.015,0.02,0.02,0.01,False,,0.0,,0.0,0.0,151.5,0.01
1786809600,KXWTIWHEN-65-26AUG21,KXWTIWHEN-65,no,0.85,other,KXWTIWHEN-65,0.015,0.02,0.02,0.01,False,,0.0,,0.0,0.0,146.5,0.01
1786824000,KXWTIWHEN-65-26AUG21,KXWTIWHEN-65,no,0.85,other,KXWTIWHEN-65,0.015,0.02,0.02,0.01,False,,0.0,,0.0,0.0,142.5,0.01
1786831200,KXWTIWHEN-65-26AUG21,KXWTIWHEN-65,no,0.85,other,KXWTIWHEN-65,0.015,0.02,0.02,0.01,False,,0.0,,0.0,0.0,140.5,0.01
1786842000,KXWTIWHEN-65-26AUG21,KXWTIWHEN-65,no,0.85,other,KXWTIWHEN-65,0.015,0.02,0.02,0.01,False,,0.0,,0.0,0.0,137.5,0.01
1786860000,KXWTIWHEN-65-26AUG21,KXWTIWHEN-65,no,0.85,other,KXWTIWHEN-65,0.015,0.02,0.02,0.01,False,,0.0,,0.0,0.0,132.5,0.01
1786874400,KXWTIWHEN-65-26AUG21,KXWTIWHEN-65,no,0.85,other,KXWTIWHEN-65,0.015,0.02,0.02,0.01,False,,0.0,,0.0,0.0,128.5,0.01
1786878000,KXWTIWHEN-65-26AUG21,KXWTIWHEN-65,no,0.85,other,KXWTIWHEN-65,0.015,0.02,0.02,0.01,False,,0.0,,0.0,0.0,127.5,0.01
1786896000,KXWTIWHEN-65-26AUG21,KXWTIWHEN-65,no,0.85,other,KXWTIWHEN-65,0.015,0.02,0.02,0.01,False,,0.0,,0.0,0.0,122.5,0.01
1786906800,KXWTIWHEN-65-26AUG21,KXWTIWHEN-65,no,0.85,other,KXWTIWHEN-65,0.015,0.02,0.02,0.01,False,,0.0,,0.0,0.0,119.5,0.01
1786910400,KXWTIWHEN-65-26AUG21,KXWTIWHEN-65,no,0.85,other,KXWTIWHEN-65,0.015,0.02,0.02,0.01,False,,0.0,,-0.004999999999999999,0.0,118.5,0.01
1787000400,KXWTIWHEN-65-26AUG21,KXWTIWHEN-65,no,0.85,other,KXWTIWHEN-65,0.01,0.02,0.02,0.01,False,,0.0,,0.0,0.0,93.5,0.02
1787029200,KXWTIWHEN-65-26AUG21,KXWTIWHEN-65,no,0.85,other,KXWTIWHEN-65,0.01,0.02,0.02,0.01,False,,0.0,,0.0,0.0,85.5,0.02
1787068800,KXWTIWHEN-65-26AUG21,KXWTIWHEN-65,no,0.85,other,KXWTIWHEN-65,0.01,0.02,0.02,0.01,False,,0.0,,0.0,0.0,74.5,0.02
1787256000,KXWTIWHEN-65-26AUG21,KXWTIWHEN-65,no,0.85,other,KXWTIWHEN-65,0.01,0.02,0.02,0.01,False,,0.0,,0.0,0.0,22.5,0.02
1787284800,KXWTIWHEN-65-26AUG21,KXWTIWHEN-65,no,0.85,other,KXWTIWHEN-65,0.01,0.02,0.02,0.01,False,,0.0,,,0.0,14.5,0.02
